demand,natgas_price,carbon_tax,lhc_type,future_id,policy_name,run_id
2.906767697,5.417657899,9.265795124,Sample,1,PIIRCE 2023,1
2.882814717,6.142605022,8.998909572,Sample,2,PIIRCE 2023,2
3.45490906,1.236043689,3.308796633,Sample,3,PIIRCE 2023,3
2.252780448,2.079506376,15.40505367,Sample,4,PIIRCE 2023,4
4.206628731,9.43559591,1.053950171,Sample,5,PIIRCE 2023,5
3.401535177,2.72039988,10.02851931,Sample,6,PIIRCE 2023,6
4.137371987,4.178743039,1.764020193,Sample,7,PIIRCE 2023,7
4.287796791,2.453745518,7.861038341,Sample,8,PIIRCE 2023,8
2.818000287,5.581370708,9.850023401,Sample,9,PIIRCE 2023,9
2.007199289,7.948916427,6.316842629,Sample,10,PIIRCE 2023,10
3.413676825,9.97590194,14.05048468,Sample,11,PIIRCE 2023,11
4.406816554,3.684340478,15.70277859,Sample,12,PIIRCE 2023,12
3.199180929,6.341252108,2.196282052,Sample,13,PIIRCE 2023,13
2.669018607,3.197361274,5.688238693,Sample,14,PIIRCE 2023,14
3.577919166,8.955172964,14.02404952,Sample,15,PIIRCE 2023,15
2.893163273,6.082852474,11.00235828,Sample,16,PIIRCE 2023,16
2.154324423,7.34056863,1.583912587,Sample,17,PIIRCE 2023,17
3.278216273,6.273146319,0.408720592,Sample,18,PIIRCE 2023,18
1.537820886,9.406892091,6.414448555,Sample,19,PIIRCE 2023,19
3.393400675,9.108637224,13.49048337,Sample,20,PIIRCE 2023,20
2.455315416,1.736907449,7.538903481,Sample,21,PIIRCE 2023,21
3.817086293,6.833142551,4.004335263,Sample,22,PIIRCE 2023,22
2.480118951,3.381617858,6.269958009,Sample,23,PIIRCE 2023,23
3.841111025,9.141027477,4.684028666,Sample,24,PIIRCE 2023,24
2.98921795,8.311524757,16.00776341,Sample,25,PIIRCE 2023,25
3.530691909,8.738908082,1.688562927,Sample,26,PIIRCE 2023,26
4.322987925,5.764292023,2.227104138,Sample,27,PIIRCE 2023,27
2.725793689,2.893868345,13.94991319,Sample,28,PIIRCE 2023,28
3.099496237,4.563245815,16.97430986,Sample,29,PIIRCE 2023,29
3.030184493,6.592004349,12.39983219,Sample,30,PIIRCE 2023,30
2.108313817,1.032876345,2.302457111,Sample,31,PIIRCE 2023,31
3.172155016,2.085694105,10.63148457,Sample,32,PIIRCE 2023,32
4.105769674,8.094105291,3.922014901,Sample,33,PIIRCE 2023,33
3.289618479,1.068403866,11.5213306,Sample,34,PIIRCE 2023,34
2.412253553,8.121800566,6.834498021,Sample,35,PIIRCE 2023,35
2.618434797,1.928502535,11.9399218,Sample,36,PIIRCE 2023,36
3.181272878,5.790802855,4.538283078,Sample,37,PIIRCE 2023,37
2.497387249,1.529038743,10.31661857,Sample,38,PIIRCE 2023,38
1.620033353,9.561811016,5.528992308,Sample,39,PIIRCE 2023,39
1.961468516,3.485380876,14.14813198,Sample,40,PIIRCE 2023,40
1.666931523,7.261751814,6.480951514,Sample,41,PIIRCE 2023,41
1.549484424,9.606169716,2.953018699,Sample,42,PIIRCE 2023,42
1.67822944,1.516229976,12.09652646,Sample,43,PIIRCE 2023,43
2.546658826,4.321182204,12.76936392,Sample,44,PIIRCE 2023,44
3.114811407,2.835013564,14.34880973,Sample,45,PIIRCE 2023,45
4.26255959,5.232980278,2.268284631,Sample,46,PIIRCE 2023,46
1.52979142,6.435868708,11.48080859,Sample,47,PIIRCE 2023,47
2.524816223,6.685758777,0.472791191,Sample,48,PIIRCE 2023,48
2.370380125,1.016710394,12.27253238,Sample,49,PIIRCE 2023,49
4.330351085,8.192776268,2.428707231,Sample,50,PIIRCE 2023,50
3.758317411,4.391096308,16.58051669,Sample,51,PIIRCE 2023,51
3.545770222,2.204705423,3.548052386,Sample,52,PIIRCE 2023,52
2.460517187,5.953892623,15.75603774,Sample,53,PIIRCE 2023,53
1.718025065,4.460181667,16.79486256,Sample,54,PIIRCE 2023,54
3.852219167,7.838988981,15.17505157,Sample,55,PIIRCE 2023,55
4.314211204,9.311150641,9.494481112,Sample,56,PIIRCE 2023,56
3.482362268,3.768841226,9.319394821,Sample,57,PIIRCE 2023,57
2.317488208,5.394930021,5.990693305,Sample,58,PIIRCE 2023,58
1.731491955,7.134844799,14.25643559,Sample,59,PIIRCE 2023,59
2.240740813,6.297851906,14.43541901,Sample,60,PIIRCE 2023,60
3.933249893,6.984204365,1.576847656,Sample,61,PIIRCE 2023,61
3.81359943,6.602516055,15.46062937,Sample,62,PIIRCE 2023,62
3.747040287,5.944256713,9.643956669,Sample,63,PIIRCE 2023,63
3.011982343,8.766678753,13.8711912,Sample,64,PIIRCE 2023,64
1.868099375,1.231733377,12.90571024,Sample,65,PIIRCE 2023,65
2.903540206,4.862535253,0.535983044,Sample,66,PIIRCE 2023,66
4.254420423,9.770477089,12.82522438,Sample,67,PIIRCE 2023,67
4.223732453,9.445960415,8.181468901,Sample,68,PIIRCE 2023,68
1.691027909,8.407921749,8.292574906,Sample,69,PIIRCE 2023,69
2.298248229,7.410347455,1.864379886,Sample,70,PIIRCE 2023,70
1.774784972,7.678379909,8.460692177,Sample,71,PIIRCE 2023,71
2.943019131,3.976020711,10.20995816,Sample,72,PIIRCE 2023,72
1.881436477,9.186179718,16.6138073,Sample,73,PIIRCE 2023,73
1.711640381,5.902816979,13.85517092,Sample,74,PIIRCE 2023,74
3.987692564,1.088566985,16.55707853,Sample,75,PIIRCE 2023,75
3.338536552,9.722063882,0.494738671,Sample,76,PIIRCE 2023,76
4.419916213,8.091066514,6.898130181,Sample,77,PIIRCE 2023,77
1.903502227,2.324985021,12.2607969,Sample,78,PIIRCE 2023,78
3.310884301,8.746161793,4.471342197,Sample,79,PIIRCE 2023,79
4.299891845,1.053532198,13.20393379,Sample,80,PIIRCE 2023,80
2.419426468,9.288272158,14.87995927,Sample,81,PIIRCE 2023,81
3.460434013,9.947675921,8.364377915,Sample,82,PIIRCE 2023,82
2.292667016,3.232933823,2.561937944,Sample,83,PIIRCE 2023,83
2.344662051,5.270357932,10.92953103,Sample,84,PIIRCE 2023,84
1.683255405,8.38647037,12.45753536,Sample,85,PIIRCE 2023,85
2.489858465,5.479773999,7.749526316,Sample,86,PIIRCE 2023,86
2.127604599,4.753169464,5.273579503,Sample,87,PIIRCE 2023,87
4.370114175,2.258172049,5.943220399,Sample,88,PIIRCE 2023,88
4.455418559,5.32571362,4.362982951,Sample,89,PIIRCE 2023,89
3.0754559,9.209450805,2.356904793,Sample,90,PIIRCE 2023,90
2.808604833,9.353348016,14.2944392,Sample,91,PIIRCE 2023,91
1.831810495,9.58605739,1.525142279,Sample,92,PIIRCE 2023,92
2.390666324,5.780161774,8.849307773,Sample,93,PIIRCE 2023,93
3.9793356,7.543710314,2.402086567,Sample,94,PIIRCE 2023,94
1.977943932,3.012262725,1.489538993,Sample,95,PIIRCE 2023,95
4.110740629,3.02422963,14.50529931,Sample,96,PIIRCE 2023,96
3.614621446,3.412863513,17.30597617,Sample,97,PIIRCE 2023,97
2.939877612,9.131769799,5.315135815,Sample,98,PIIRCE 2023,98
2.91659684,5.033664935,16.42953695,Sample,99,PIIRCE 2023,99
4.03692441,1.115161152,11.88512186,Sample,100,PIIRCE 2023,100
3.019448209,2.22008083,15.26338307,Sample,101,PIIRCE 2023,101
2.452455277,8.665951411,6.765122782,Sample,102,PIIRCE 2023,102
2.922259708,1.550436384,15.56765743,Sample,103,PIIRCE 2023,103
3.767204316,7.74239702,14.77359887,Sample,104,PIIRCE 2023,104
1.82900233,5.834098732,9.539769378,Sample,105,PIIRCE 2023,105
3.431409283,9.510664559,3.858939507,Sample,106,PIIRCE 2023,106
1.702251342,1.297695508,16.84947781,Sample,107,PIIRCE 2023,107
2.262793812,7.752204309,10.00981004,Sample,108,PIIRCE 2023,108
2.512755418,4.674575993,5.727128166,Sample,109,PIIRCE 2023,109
4.024487951,3.813917088,15.93695638,Sample,110,PIIRCE 2023,110
2.031217227,6.826771194,17.1909812,Sample,111,PIIRCE 2023,111
4.216296799,8.329774555,6.116616766,Sample,112,PIIRCE 2023,112
2.570697,5.130168856,2.88504305,Sample,113,PIIRCE 2023,113
3.262198582,9.548010206,16.48767758,Sample,114,PIIRCE 2023,114
3.945094283,4.36700959,11.23999014,Sample,115,PIIRCE 2023,115
3.488303971,2.139667658,2.766222714,Sample,116,PIIRCE 2023,116
3.091025918,8.177583812,5.001396271,Sample,117,PIIRCE 2023,117
2.273040976,2.864564623,15.63695539,Sample,118,PIIRCE 2023,118
3.833410916,3.397189852,6.799243337,Sample,119,PIIRCE 2023,119
1.645866555,4.645363338,16.75537232,Sample,120,PIIRCE 2023,120
3.476936259,2.755244395,13.58778677,Sample,121,PIIRCE 2023,121
2.781806702,1.34607353,14.0600029,Sample,122,PIIRCE 2023,122
1.696388054,8.304863071,7.050954593,Sample,123,PIIRCE 2023,123
2.328499886,4.059699036,8.723025442,Sample,124,PIIRCE 2023,124
1.651401518,1.331353479,11.38521508,Sample,125,PIIRCE 2023,125
2.205577219,1.984935144,14.75216946,Sample,126,PIIRCE 2023,126
1.638127133,9.80350777,6.167436208,Sample,127,PIIRCE 2023,127
4.117017445,2.979039189,17.10870422,Sample,128,PIIRCE 2023,128
3.737832514,1.397263781,7.11803684,Sample,129,PIIRCE 2023,129
3.304613325,8.161193957,6.360598668,Sample,130,PIIRCE 2023,130
2.832260515,1.094344269,4.908213007,Sample,131,PIIRCE 2023,131
2.978327548,5.183761816,5.039940105,Sample,132,PIIRCE 2023,132
2.040682932,4.66463468,12.12899059,Sample,133,PIIRCE 2023,133
2.339647739,4.263884675,8.19366672,Sample,134,PIIRCE 2023,134
3.673450653,7.898644765,10.85240686,Sample,135,PIIRCE 2023,135
1.816456684,4.909135807,7.435715221,Sample,136,PIIRCE 2023,136
4.45168061,4.47834638,2.626696615,Sample,137,PIIRCE 2023,137
1.841772837,6.578068062,1.807665901,Sample,138,PIIRCE 2023,138
3.793802138,7.325811065,3.775062481,Sample,139,PIIRCE 2023,139
3.058851743,5.823830782,2.817804082,Sample,140,PIIRCE 2023,140
3.004322259,2.875296934,11.75844264,Sample,141,PIIRCE 2023,141
3.923093947,9.258039467,0.883999408,Sample,142,PIIRCE 2023,142
1.660218123,7.727553797,1.170001562,Sample,143,PIIRCE 2023,143
2.247637777,8.488517761,4.184458512,Sample,144,PIIRCE 2023,144
1.607903631,9.08687473,2.491777241,Sample,145,PIIRCE 2023,145
1.750402282,7.47957288,1.307762948,Sample,146,PIIRCE 2023,146
2.095225895,6.383980066,7.828268014,Sample,147,PIIRCE 2023,147
2.136875572,2.56887114,15.5126327,Sample,148,PIIRCE 2023,148
1.516432392,7.036634844,9.554473077,Sample,149,PIIRCE 2023,149
3.94183257,2.794560624,6.448692842,Sample,150,PIIRCE 2023,150
3.780270385,8.678749241,6.677230364,Sample,151,PIIRCE 2023,151
3.826374301,6.629085937,10.07884209,Sample,152,PIIRCE 2023,152
3.249638801,7.224573418,6.085455648,Sample,153,PIIRCE 2023,153
2.764905474,9.488269474,17.01293816,Sample,154,PIIRCE 2023,154
4.095062443,1.617269191,3.79963511,Sample,155,PIIRCE 2023,155
3.630608258,5.646520187,14.39786391,Sample,156,PIIRCE 2023,156
4.490089302,6.290138932,16.91847394,Sample,157,PIIRCE 2023,157
4.429770303,4.816375793,3.140105876,Sample,158,PIIRCE 2023,158
4.04301928,4.415791521,1.100883261,Sample,159,PIIRCE 2023,159
1.745055543,3.614769774,8.338626378,Sample,160,PIIRCE 2023,160
4.356078513,3.994655039,13.61942634,Sample,161,PIIRCE 2023,161
3.045603509,8.850602513,6.605806371,Sample,162,PIIRCE 2023,162
4.074341228,2.390957905,14.73123368,Sample,163,PIIRCE 2023,163
1.531674273,9.522799729,13.24251107,Sample,164,PIIRCE 2023,164
2.700252513,8.282478461,9.9051449,Sample,165,PIIRCE 2023,165
2.681004075,6.5319701,12.32653303,Sample,166,PIIRCE 2023,166
4.268861773,3.504124156,4.073248591,Sample,167,PIIRCE 2023,167
3.241680963,1.755784986,15.24073093,Sample,168,PIIRCE 2023,168
1.791177102,3.567728496,12.48033577,Sample,169,PIIRCE 2023,169
4.275425183,9.625242478,1.358547391,Sample,170,PIIRCE 2023,170
3.846490914,2.010479121,3.664588357,Sample,171,PIIRCE 2023,171
2.274811155,4.140995048,14.32493425,Sample,172,PIIRCE 2023,172
2.022904859,5.609208438,12.38825517,Sample,173,PIIRCE 2023,173
3.084136217,7.237850145,12.70809299,Sample,174,PIIRCE 2023,174
1.617422748,8.55235566,9.867234639,Sample,175,PIIRCE 2023,175
1.844703377,6.099578299,7.08032876,Sample,176,PIIRCE 2023,176
4.241866015,6.41331693,8.647999732,Sample,177,PIIRCE 2023,177
3.755309182,8.040589836,9.166326965,Sample,178,PIIRCE 2023,178
3.29739852,6.901724453,15.18480998,Sample,179,PIIRCE 2023,179
3.704335229,5.369146688,16.14118332,Sample,180,PIIRCE 2023,180
1.986503484,7.448657444,9.685700839,Sample,181,PIIRCE 2023,181
2.440916989,3.855168394,12.57250788,Sample,182,PIIRCE 2023,182
3.275200065,7.570568587,2.976858125,Sample,183,PIIRCE 2023,183
3.643873127,7.650243467,4.8012466,Sample,184,PIIRCE 2023,184
4.172973265,9.94547772,4.621227448,Sample,185,PIIRCE 2023,185
2.073999983,5.452120226,9.13111572,Sample,186,PIIRCE 2023,186
3.661905014,5.076180744,4.648046676,Sample,187,PIIRCE 2023,187
2.10409943,7.307849567,11.17305998,Sample,188,PIIRCE 2023,188
1.944773326,1.310380416,8.529620962,Sample,189,PIIRCE 2023,189
2.290223708,8.362672146,11.84650188,Sample,190,PIIRCE 2023,190
3.88138419,5.014501241,12.67480341,Sample,191,PIIRCE 2023,191
3.363856353,7.806479306,0.849567502,Sample,192,PIIRCE 2023,192
4.345629794,4.305747612,15.87323515,Sample,193,PIIRCE 2023,193
4.282134902,8.578087965,16.19359015,Sample,194,PIIRCE 2023,194
4.192503144,1.812194207,14.85692363,Sample,195,PIIRCE 2023,195
4.07292712,6.032225834,14.19205893,Sample,196,PIIRCE 2023,196
2.561984964,2.646600377,13.31667134,Sample,197,PIIRCE 2023,197
3.800397488,7.111375532,13.13966446,Sample,198,PIIRCE 2023,198
1.859337208,4.103952988,9.415993974,Sample,199,PIIRCE 2023,199
1.909578478,9.569063626,4.19681524,Sample,200,PIIRCE 2023,200
3.315110464,5.088468374,11.1168625,Sample,201,PIIRCE 2023,201
1.544735909,9.654932795,13.78535202,Sample,202,PIIRCE 2023,202
2.595611281,6.802927216,10.36747888,Sample,203,PIIRCE 2023,203
3.595686246,6.546704739,10.67486435,Sample,204,PIIRCE 2023,204
3.742438043,6.243700781,8.813773447,Sample,205,PIIRCE 2023,205
4.472513126,5.981522334,3.627411131,Sample,206,PIIRCE 2023,206
2.217010714,2.920089214,6.944011435,Sample,207,PIIRCE 2023,207
2.116979867,3.959646774,5.76651711,Sample,208,PIIRCE 2023,208
4.478958202,4.933674663,8.684617164,Sample,209,PIIRCE 2023,209
3.927805171,5.144970291,7.291054704,Sample,210,PIIRCE 2023,210
1.613426252,4.848529108,14.66824206,Sample,211,PIIRCE 2023,211
3.148352472,7.696258091,15.54992839,Sample,212,PIIRCE 2023,212
2.98660583,2.625048787,14.98004959,Sample,213,PIIRCE 2023,213
3.582604864,2.114180002,5.786524304,Sample,214,PIIRCE 2023,214
2.788653303,6.931106384,6.933627711,Sample,215,PIIRCE 2023,215
2.42647085,5.914066486,13.65943398,Sample,216,PIIRCE 2023,216
2.143159812,6.697412276,4.417246044,Sample,217,PIIRCE 2023,217
4.125993073,9.342888034,11.48520021,Sample,218,PIIRCE 2023,218
3.709545098,5.528436655,13.16949039,Sample,219,PIIRCE 2023,219
1.994041916,9.669452631,8.294523406,Sample,220,PIIRCE 2023,220
2.06516209,7.988987873,13.52396476,Sample,221,PIIRCE 2023,221
3.688395563,2.612364892,2.369101101,Sample,222,PIIRCE 2023,222
3.964602829,2.774711272,10.88553004,Sample,223,PIIRCE 2023,223
2.502927782,4.519424881,3.821177038,Sample,224,PIIRCE 2023,224
2.053499806,5.745619876,9.082931617,Sample,225,PIIRCE 2023,225
2.598242772,3.732243672,6.98780116,Sample,226,PIIRCE 2023,226
2.628571226,4.089596837,7.510657476,Sample,227,PIIRCE 2023,227
1.593783439,2.512843789,16.53200322,Sample,228,PIIRCE 2023,228
2.736385611,4.603696705,7.181493297,Sample,229,PIIRCE 2023,229
3.566390914,6.460584367,8.944249594,Sample,230,PIIRCE 2023,230
2.37881986,9.825612849,13.70829318,Sample,231,PIIRCE 2023,231
3.789679516,4.960849268,5.222479203,Sample,232,PIIRCE 2023,232
3.572706859,6.662079199,9.796985688,Sample,233,PIIRCE 2023,233
3.804251399,4.150716046,16.45462255,Sample,234,PIIRCE 2023,234
3.44655371,7.050531915,10.46382358,Sample,235,PIIRCE 2023,235
4.183705238,7.66994556,1.9915411,Sample,236,PIIRCE 2023,236
2.954700417,4.984302009,9.473165291,Sample,237,PIIRCE 2023,237
3.419022561,8.613325781,9.985049742,Sample,238,PIIRCE 2023,238
2.875376274,1.148759277,3.303714977,Sample,239,PIIRCE 2023,239
2.609275164,3.182269584,13.35504063,Sample,240,PIIRCE 2023,240
2.012198226,9.916499298,3.180978251,Sample,241,PIIRCE 2023,241
3.561612792,2.228484851,11.33178498,Sample,242,PIIRCE 2023,242
3.593631269,8.002836992,2.753253816,Sample,243,PIIRCE 2023,243
2.683782966,8.698400202,4.430783013,Sample,244,PIIRCE 2023,244
3.328368104,5.119276859,5.377722696,Sample,245,PIIRCE 2023,245
4.398861464,6.353175697,8.596369356,Sample,246,PIIRCE 2023,246
2.314717734,5.700032904,17.00240368,Sample,247,PIIRCE 2023,247
3.554579284,2.473101153,15.59913658,Sample,248,PIIRCE 2023,248
2.748252123,3.132682819,11.05043863,Sample,249,PIIRCE 2023,249
3.896192735,7.086340002,11.36636744,Sample,250,PIIRCE 2023,250
2.130773325,1.171330606,0.626723602,Sample,251,PIIRCE 2023,251
3.161368426,6.237059547,15.75056328,Sample,252,PIIRCE 2023,252
4.016178254,6.876489653,4.869637741,Sample,253,PIIRCE 2023,253
2.209132053,4.07132929,1.259103107,Sample,254,PIIRCE 2023,254
3.216745558,4.493629265,9.589013629,Sample,255,PIIRCE 2023,255
2.402905494,9.05201295,4.038058069,Sample,256,PIIRCE 2023,256
3.956311934,1.186474455,0.772327776,Sample,257,PIIRCE 2023,257
2.928208603,2.041487376,1.440781011,Sample,258,PIIRCE 2023,258
4.362791736,1.676846112,14.67749608,Sample,259,PIIRCE 2023,259
2.791401307,2.988151526,1.214100336,Sample,260,PIIRCE 2023,260
3.604265999,1.133625391,2.650692271,Sample,261,PIIRCE 2023,261
3.648749483,7.873304033,5.493261292,Sample,262,PIIRCE 2023,262
4.341402318,3.866744832,3.027635429,Sample,263,PIIRCE 2023,263
3.891954694,9.68660109,10.80754799,Sample,264,PIIRCE 2023,264
4.46818225,4.881626771,7.214286014,Sample,265,PIIRCE 2023,265
2.768973416,2.370776292,14.59612092,Sample,266,PIIRCE 2023,266
3.137557917,7.920298589,5.837320309,Sample,267,PIIRCE 2023,267
3.013894799,2.740062072,9.020250551,Sample,268,PIIRCE 2023,268
2.840294343,9.029357585,3.478160059,Sample,269,PIIRCE 2023,269
1.955760532,6.715073168,12.16291478,Sample,270,PIIRCE 2023,270
2.062410198,8.022911971,15.05304444,Sample,271,PIIRCE 2023,271
2.873825929,8.883387258,4.134240258,Sample,272,PIIRCE 2023,272
3.256971912,5.20605567,13.79374985,Sample,273,PIIRCE 2023,273
4.226123173,5.726724206,2.134179357,Sample,274,PIIRCE 2023,274
2.966119673,1.280942527,11.71920953,Sample,275,PIIRCE 2023,275
2.915367904,4.27784701,1.818904637,Sample,276,PIIRCE 2023,276
2.823875331,1.892558627,10.54092963,Sample,277,PIIRCE 2023,277
3.636709343,6.21826384,12.20325608,Sample,278,PIIRCE 2023,278
1.918140714,3.430315341,6.356207097,Sample,279,PIIRCE 2023,279
3.269914131,5.375764664,5.628882291,Sample,280,PIIRCE 2023,280
2.088333504,9.474537104,15.37282305,Sample,281,PIIRCE 2023,281
2.123317435,4.12955956,14.49480196,Sample,282,PIIRCE 2023,282
4.205142658,4.335502294,4.275356404,Sample,283,PIIRCE 2023,283
3.438561804,2.94188657,12.78816202,Sample,284,PIIRCE 2023,284
4.045681883,3.928123289,3.112030535,Sample,285,PIIRCE 2023,285
2.80104674,8.257845491,13.72917474,Sample,286,PIIRCE 2023,286
2.970624259,2.944805284,6.221969413,Sample,287,PIIRCE 2023,287
2.081122301,9.071572755,0.797430615,Sample,288,PIIRCE 2023,288
4.291987004,2.478867987,12.97719371,Sample,289,PIIRCE 2023,289
2.181880587,8.064031701,10.35736335,Sample,290,PIIRCE 2023,290
2.172569279,7.369913883,9.404992208,Sample,291,PIIRCE 2023,291
2.199030938,5.635990978,0.632904996,Sample,292,PIIRCE 2023,292
2.634979139,8.91975149,15.10886233,Sample,293,PIIRCE 2023,293
4.199201831,7.39773195,10.50784023,Sample,294,PIIRCE 2023,294
4.007651415,3.780183953,8.081926916,Sample,295,PIIRCE 2023,295
2.96119593,3.609925411,13.90774144,Sample,296,PIIRCE 2023,296
3.547475379,3.300426878,11.20236592,Sample,297,PIIRCE 2023,297
3.976146431,3.352974569,1.71773897,Sample,298,PIIRCE 2023,298
1.566578601,4.793218941,10.72176073,Sample,299,PIIRCE 2023,299
3.994872809,2.810902451,8.010553299,Sample,300,PIIRCE 2023,300
1.575353856,9.788788858,16.68376942,Sample,301,PIIRCE 2023,301
2.583334499,9.207423333,10.74845743,Sample,302,PIIRCE 2023,302
2.528715622,7.632852203,1.190652329,Sample,303,PIIRCE 2023,303
1.80866996,3.548348966,6.594529069,Sample,304,PIIRCE 2023,304
2.188971492,6.325005997,15.96973698,Sample,305,PIIRCE 2023,305
3.682727572,1.641567719,10.78140992,Sample,306,PIIRCE 2023,306
4.157594969,7.173016745,12.02130702,Sample,307,PIIRCE 2023,307
4.354758238,9.017790058,1.638331908,Sample,308,PIIRCE 2023,308
3.166191506,5.57141572,4.231510216,Sample,309,PIIRCE 2023,309
2.864354246,5.2564293,14.55131053,Sample,310,PIIRCE 2023,310
1.779308888,3.269342677,10.14566358,Sample,311,PIIRCE 2023,311
4.458140456,1.479221145,13.95909809,Sample,312,PIIRCE 2023,312
1.672437705,4.699421101,15.6574359,Sample,313,PIIRCE 2023,313
4.442168219,4.535103824,9.237975072,Sample,314,PIIRCE 2023,314
3.069288404,1.253885908,0.985223618,Sample,315,PIIRCE 2023,315
2.466346252,1.841588044,5.133386293,Sample,316,PIIRCE 2023,316
1.636686884,7.802781101,2.098542645,Sample,317,PIIRCE 2023,317
3.866877743,1.456972193,4.525486832,Sample,318,PIIRCE 2023,318
2.003986134,6.912089709,11.80100904,Sample,319,PIIRCE 2023,319
3.884426698,2.530783724,15.9046246,Sample,320,PIIRCE 2023,320
2.444515562,8.966782171,16.73864552,Sample,321,PIIRCE 2023,321
4.080628492,3.675124918,5.661474762,Sample,322,PIIRCE 2023,322
3.656445845,1.577736859,7.816264775,Sample,323,PIIRCE 2023,323
2.826016841,7.272968906,13.28251425,Sample,324,PIIRCE 2023,324
2.563605533,5.351072744,8.883313098,Sample,325,PIIRCE 2023,325
1.555304284,9.74942559,3.587368755,Sample,326,PIIRCE 2023,326
3.11347565,3.326190995,2.028915921,Sample,327,PIIRCE 2023,327
4.393624456,1.500150076,5.075499185,Sample,328,PIIRCE 2023,328
2.756979875,6.96613424,11.02462204,Sample,329,PIIRCE 2023,329
4.028362016,1.90088558,11.96569081,Sample,330,PIIRCE 2023,330
3.320490372,3.880077258,3.687761031,Sample,331,PIIRCE 2023,331
2.082172503,8.252399285,16.64343975,Sample,332,PIIRCE 2023,332
2.192499643,8.51112324,5.008907718,Sample,333,PIIRCE 2023,333
1.510297123,7.623830086,13.57380616,Sample,334,PIIRCE 2023,334
2.231084814,3.05325365,9.063561324,Sample,335,PIIRCE 2023,335
3.61107198,2.175034477,5.168428977,Sample,336,PIIRCE 2023,336
4.233679137,5.064911699,10.25371636,Sample,337,PIIRCE 2023,337
4.382053734,2.41773325,16.33088295,Sample,338,PIIRCE 2023,338
2.709192579,1.938287931,3.223980592,Sample,339,PIIRCE 2023,339
3.505593334,6.180527483,3.262494902,Sample,340,PIIRCE 2023,340
1.769157473,9.265780785,0.925032753,Sample,341,PIIRCE 2023,341
4.058796975,8.352048769,10.96649229,Sample,342,PIIRCE 2023,342
1.754027865,3.469925969,4.764036678,Sample,343,PIIRCE 2023,343
4.128986714,3.036753373,13.26254405,Sample,344,PIIRCE 2023,344
2.644664621,7.604667953,11.5949205,Sample,345,PIIRCE 2023,345
2.662782867,7.28589868,5.29843703,Sample,346,PIIRCE 2023,346
4.086645175,8.61804506,7.262948055,Sample,347,PIIRCE 2023,347
2.160835886,4.955151201,1.901606794,Sample,348,PIIRCE 2023,348
4.100475453,3.908258116,3.358315611,Sample,349,PIIRCE 2023,349
2.719985359,1.771673218,8.492774669,Sample,350,PIIRCE 2023,350
2.153153102,2.843814106,15.81464791,Sample,351,PIIRCE 2023,351
1.75834326,7.528925384,17.34954538,Sample,352,PIIRCE 2023,352
2.260926645,3.652785177,17.27856999,Sample,353,PIIRCE 2023,353
3.998924547,9.380863933,7.334057,Sample,354,PIIRCE 2023,354
3.345516053,1.607762554,11.29552132,Sample,355,PIIRCE 2023,355
4.390786839,1.789174876,7.78406043,Sample,356,PIIRCE 2023,356
3.625993694,6.161272469,9.651171143,Sample,357,PIIRCE 2023,357
3.357341438,1.803979898,14.93930833,Sample,358,PIIRCE 2023,358
3.174934998,8.215420343,13.02235103,Sample,359,PIIRCE 2023,359
3.060623682,8.437218828,5.361884777,Sample,360,PIIRCE 2023,360
4.423139454,4.257925208,4.76851656,Sample,361,PIIRCE 2023,361
1.896243097,3.739848666,3.744505007,Sample,362,PIIRCE 2023,362
2.304713104,8.641551755,11.08805211,Sample,363,PIIRCE 2023,363
3.025023239,8.836865826,13.40284631,Sample,364,PIIRCE 2023,364
3.10724163,1.378572187,7.032769624,Sample,365,PIIRCE 2023,365
4.248514968,6.649421697,6.2261921,Sample,366,PIIRCE 2023,366
2.653628372,8.788769408,8.538915836,Sample,367,PIIRCE 2023,367
2.734052539,2.047513993,10.46467035,Sample,368,PIIRCE 2023,368
1.734298481,8.893825641,3.887901962,Sample,369,PIIRCE 2023,369
2.170783394,7.021335301,4.731221825,Sample,370,PIIRCE 2023,370
4.067364174,4.448775491,4.942347925,Sample,371,PIIRCE 2023,371
2.368684586,3.101374644,12.84083759,Sample,372,PIIRCE 2023,372
3.908663832,6.755176611,14.1177412,Sample,373,PIIRCE 2023,373
1.968215172,6.952480268,15.82804877,Sample,374,PIIRCE 2023,374
3.904556947,7.503395044,9.308992882,Sample,375,PIIRCE 2023,375
3.049470762,9.168089138,7.672875602,Sample,376,PIIRCE 2023,376
1.563143204,5.228082929,16.88020001,Sample,377,PIIRCE 2023,377
2.037304484,3.800619034,12.03236114,Sample,378,PIIRCE 2023,378
3.536270873,2.126612873,15.11344898,Sample,379,PIIRCE 2023,379
4.412175737,5.547294994,16.12194046,Sample,380,PIIRCE 2023,380
2.575733404,3.316818463,3.407124899,Sample,381,PIIRCE 2023,381
3.371758209,8.714450352,9.177516139,Sample,382,PIIRCE 2023,382
3.195159951,4.199199061,9.765174229,Sample,383,PIIRCE 2023,383
3.224135786,4.807799481,6.149956971,Sample,384,PIIRCE 2023,384
3.353360475,8.986140842,7.711919844,Sample,385,PIIRCE 2023,385
2.8515794,9.98482091,7.385268323,Sample,386,PIIRCE 2023,386
2.611234632,1.426578435,3.5287188,Sample,387,PIIRCE 2023,387
1.895229732,7.490468253,12.60784323,Sample,388,PIIRCE 2023,388
3.69998379,9.74635328,0.708195365,Sample,389,PIIRCE 2023,389
2.696810156,6.020016045,7.935440167,Sample,390,PIIRCE 2023,390
3.52784319,4.029951905,2.855474238,Sample,391,PIIRCE 2023,391
1.797424226,2.297521454,0.430494282,Sample,392,PIIRCE 2023,392
2.050337627,9.843228814,11.73521972,Sample,393,PIIRCE 2023,393
2.849900079,5.516104722,10.65471389,Sample,394,PIIRCE 2023,394
3.520525281,1.996239874,5.204049949,Sample,395,PIIRCE 2023,395
2.671675758,7.854878716,3.433060346,Sample,396,PIIRCE 2023,396
3.768829711,5.430679115,16.23781754,Sample,397,PIIRCE 2023,397
3.467468561,3.252455428,3.056921682,Sample,398,PIIRCE 2023,398
1.597539685,9.862147354,7.986602979,Sample,399,PIIRCE 2023,399
2.622602962,7.564431525,0.761930251,Sample,400,PIIRCE 2023,400
3.236286029,5.605119142,1.402268977,Sample,401,PIIRCE 2023,401
3.473803902,2.554587448,16.09150894,Sample,402,PIIRCE 2023,402
3.139535638,9.236965149,12.64599625,Sample,403,PIIRCE 2023,403
2.516147625,5.172104495,16.05025161,Sample,404,PIIRCE 2023,404
3.724386065,6.760283637,5.461731931,Sample,405,PIIRCE 2023,405
3.862765533,8.828863237,10.28841146,Sample,406,PIIRCE 2023,406
3.731316746,4.767005928,12.95244395,Sample,407,PIIRCE 2023,407
3.330254692,2.426920283,5.601131084,Sample,408,PIIRCE 2023,408
2.587884544,8.141338422,8.617884646,Sample,409,PIIRCE 2023,409
1.708824567,5.851392238,0.57438029,Sample,410,PIIRCE 2023,410
1.802308349,5.875661146,2.688269411,Sample,411,PIIRCE 2023,411
1.9648773,1.956496423,3.459184057,Sample,412,PIIRCE 2023,412
2.347282435,9.3327036,0.668181673,Sample,413,PIIRCE 2023,413
3.95068856,7.97385052,11.4350605,Sample,414,PIIRCE 2023,414
4.169269558,6.447282068,11.55845563,Sample,415,PIIRCE 2023,415
2.224175902,5.894911175,4.296809775,Sample,416,PIIRCE 2023,416
2.860348204,7.174233381,14.61353386,Sample,417,PIIRCE 2023,417
3.129749909,2.584827668,2.064196118,Sample,418,PIIRCE 2023,418
2.651463974,3.709188517,1.656070726,Sample,419,PIIRCE 2023,419
2.325258469,6.862371338,6.70623762,Sample,420,PIIRCE 2023,420
4.484940713,1.86005849,0.933891487,Sample,421,PIIRCE 2023,421
2.358618379,3.08399068,5.869624334,Sample,422,PIIRCE 2023,422
3.834277081,7.932687545,12.08826397,Sample,423,PIIRCE 2023,423
1.820745276,1.369245062,14.97266804,Sample,424,PIIRCE 2023,424
1.863007063,3.576253726,12.92399579,Sample,425,PIIRCE 2023,425
1.938895375,3.83142394,1.104187195,Sample,426,PIIRCE 2023,426
3.69559571,5.002742644,12.52451277,Sample,427,PIIRCE 2023,427
2.745137357,8.420668159,4.863331881,Sample,428,PIIRCE 2023,428
2.550771184,7.886280519,7.450564716,Sample,429,PIIRCE 2023,429
4.181815859,1.445137778,2.532836443,Sample,430,PIIRCE 2023,430
2.492872962,1.56780043,7.622550388,Sample,431,PIIRCE 2023,431
1.885491635,4.208163596,8.934858414,Sample,432,PIIRCE 2023,432
1.628431628,4.019041019,15.2862594,Sample,433,PIIRCE 2023,433
3.287605434,6.474999698,16.20555966,Sample,434,PIIRCE 2023,434
3.619778014,2.497599314,1.958218781,Sample,435,PIIRCE 2023,435
4.305369787,8.801071238,1.946284233,Sample,436,PIIRCE 2023,436
4.054548919,2.163324646,13.06453634,Sample,437,PIIRCE 2023,437
3.493766592,3.951329704,10.42504626,Sample,438,PIIRCE 2023,438
1.787156011,9.906298342,1.028392318,Sample,439,PIIRCE 2023,439
3.389122539,2.340553602,6.042439465,Sample,440,PIIRCE 2023,440
4.246260199,6.725766485,17.22642078,Sample,441,PIIRCE 2023,441
2.019813107,7.140161976,6.863683635,Sample,442,PIIRCE 2023,442
2.541625228,4.420499161,15.02389946,Sample,443,PIIRCE 2023,443
2.233665134,5.303404817,9.720044458,Sample,444,PIIRCE 2023,444
3.078136104,4.581929214,8.427311112,Sample,445,PIIRCE 2023,445
4.012103006,6.05672086,12.54965405,Sample,446,PIIRCE 2023,446
1.580413739,9.891898555,11.64837455,Sample,447,PIIRCE 2023,447
3.18935645,5.691125453,14.42068556,Sample,448,PIIRCE 2023,448
3.230791699,4.354979947,7.905303656,Sample,449,PIIRCE 2023,449
4.142476418,6.198807715,4.332011708,Sample,450,PIIRCE 2023,450
3.121360724,6.998676717,16.3863601,Sample,451,PIIRCE 2023,451
1.585013381,5.295311008,4.574447097,Sample,452,PIIRCE 2023,452
2.408754853,4.627919366,2.523560383,Sample,453,PIIRCE 2023,453
2.807708851,6.112401299,3.080430785,Sample,454,PIIRCE 2023,454
2.948393408,4.897262166,4.094860029,Sample,455,PIIRCE 2023,455
3.913860856,3.362257094,8.099419415,Sample,456,PIIRCE 2023,456
2.71374341,8.540917652,5.42960732,Sample,457,PIIRCE 2023,457
2.532783653,1.86719322,15.41685157,Sample,458,PIIRCE 2023,458
4.378482841,3.53790185,7.547450981,Sample,459,PIIRCE 2023,459
1.873401584,8.453868287,7.374279417,Sample,460,PIIRCE 2023,460
4.333865075,6.511447455,7.602498345,Sample,461,PIIRCE 2023,461
3.424984382,2.267939318,17.04596179,Sample,462,PIIRCE 2023,462
2.387838581,6.06405317,17.15039223,Sample,463,PIIRCE 2023,463
3.717135341,3.161503222,8.040196041,Sample,464,PIIRCE 2023,464
3.036724293,1.700964289,10.57314567,Sample,465,PIIRCE 2023,465
3.776994386,1.654952844,16.28551398,Sample,466,PIIRCE 2023,466
2.995965228,7.208982869,1.280840222,Sample,467,PIIRCE 2023,467
3.380214368,8.234188453,3.952649951,Sample,468,PIIRCE 2023,468
2.397689287,5.677490304,6.516896594,Sample,469,PIIRCE 2023,469
3.211918373,4.718422834,2.716527982,Sample,470,PIIRCE 2023,470
3.150738871,2.668861106,16.83887377,Sample,471,PIIRCE 2023,471
1.722453716,2.686263354,13.44314506,Sample,472,PIIRCE 2023,472
2.477031227,7.376492114,10.10275517,Sample,473,PIIRCE 2023,473
4.149850889,3.643109846,2.162671278,Sample,474,PIIRCE 2023,474
3.498589247,9.710706123,10.16350971,Sample,475,PIIRCE 2023,475
1.519744623,9.004421704,11.67138292,Sample,476,PIIRCE 2023,476
1.980516768,2.357829234,13.47560167,Sample,477,PIIRCE 2023,477
2.890758412,2.285953709,5.567548279,Sample,478,PIIRCE 2023,478
1.933030121,6.37235441,6.535834023,Sample,479,PIIRCE 2023,479
3.870160925,8.922337369,7.153152794,Sample,480,PIIRCE 2023,480
2.280810744,3.121878554,9.925444534,Sample,481,PIIRCE 2023,481
1.500936294,7.07944162,5.954350292,Sample,482,PIIRCE 2023,482
3.511105384,7.781068848,14.22810108,Sample,483,PIIRCE 2023,483
1.924935178,2.708969192,2.91478649,Sample,484,PIIRCE 2023,484
2.777420827,3.463026356,17.11673389,Sample,485,PIIRCE 2023,485
3.66645444,3.223336462,8.247742508,Sample,486,PIIRCE 2023,486
2.689510155,8.472030305,11.25818393,Sample,487,PIIRCE 2023,487
4.494330333,4.733269541,6.638118405,Sample,488,PIIRCE 2023,488
3.37765305,6.778087967,8.798917926,Sample,489,PIIRCE 2023,489
3.207901281,3.153168501,9.370107595,Sample,490,PIIRCE 2023,490
3.43662253,8.560700324,14.83509341,Sample,491,PIIRCE 2023,491
4.163317837,9.402662451,11.91657126,Sample,492,PIIRCE 2023,492
2.357023659,4.593841632,16.3612907,Sample,493,PIIRCE 2023,493
1.848373517,5.49890521,8.149542193,Sample,494,PIIRCE 2023,494
3.96916674,4.225409747,13.08234509,Sample,495,PIIRCE 2023,495
4.436552038,7.43626492,15.3463434,Sample,496,PIIRCE 2023,496
3.405304029,1.709977197,5.907292589,Sample,497,PIIRCE 2023,497
2.434913106,1.204800811,1.448174622,Sample,498,PIIRCE 2023,498
4.313464785,5.991045416,12.35073734,Sample,499,PIIRCE 2023,499
1.929420203,6.494329825,8.739159187,Sample,500,PIIRCE 2023,500
1.5,1,0.39,Extremes,501,PIIRCE 2023,501
4.5,1,0.39,Extremes,502,PIIRCE 2023,502
1.5,10,0.39,Extremes,503,PIIRCE 2023,503
4.5,10,0.39,Extremes,504,PIIRCE 2023,504
1.5,1,17.35,Extremes,505,PIIRCE 2023,505
4.5,1,17.35,Extremes,506,PIIRCE 2023,506
1.5,10,17.35,Extremes,507,PIIRCE 2023,507
4.5,10,17.35,Extremes,508,PIIRCE 2023,508
2.906767697,5.417657899,9.265795124,Sample,1,PIIRCE 2018,509
2.882814717,6.142605022,8.998909572,Sample,2,PIIRCE 2018,510
3.45490906,1.236043689,3.308796633,Sample,3,PIIRCE 2018,511
2.252780448,2.079506376,15.40505367,Sample,4,PIIRCE 2018,512
4.206628731,9.43559591,1.053950171,Sample,5,PIIRCE 2018,513
3.401535177,2.72039988,10.02851931,Sample,6,PIIRCE 2018,514
4.137371987,4.178743039,1.764020193,Sample,7,PIIRCE 2018,515
4.287796791,2.453745518,7.861038341,Sample,8,PIIRCE 2018,516
2.818000287,5.581370708,9.850023401,Sample,9,PIIRCE 2018,517
2.007199289,7.948916427,6.316842629,Sample,10,PIIRCE 2018,518
3.413676825,9.97590194,14.05048468,Sample,11,PIIRCE 2018,519
4.406816554,3.684340478,15.70277859,Sample,12,PIIRCE 2018,520
3.199180929,6.341252108,2.196282052,Sample,13,PIIRCE 2018,521
2.669018607,3.197361274,5.688238693,Sample,14,PIIRCE 2018,522
3.577919166,8.955172964,14.02404952,Sample,15,PIIRCE 2018,523
2.893163273,6.082852474,11.00235828,Sample,16,PIIRCE 2018,524
2.154324423,7.34056863,1.583912587,Sample,17,PIIRCE 2018,525
3.278216273,6.273146319,0.408720592,Sample,18,PIIRCE 2018,526
1.537820886,9.406892091,6.414448555,Sample,19,PIIRCE 2018,527
3.393400675,9.108637224,13.49048337,Sample,20,PIIRCE 2018,528
2.455315416,1.736907449,7.538903481,Sample,21,PIIRCE 2018,529
3.817086293,6.833142551,4.004335263,Sample,22,PIIRCE 2018,530
2.480118951,3.381617858,6.269958009,Sample,23,PIIRCE 2018,531
3.841111025,9.141027477,4.684028666,Sample,24,PIIRCE 2018,532
2.98921795,8.311524757,16.00776341,Sample,25,PIIRCE 2018,533
3.530691909,8.738908082,1.688562927,Sample,26,PIIRCE 2018,534
4.322987925,5.764292023,2.227104138,Sample,27,PIIRCE 2018,535
2.725793689,2.893868345,13.94991319,Sample,28,PIIRCE 2018,536
3.099496237,4.563245815,16.97430986,Sample,29,PIIRCE 2018,537
3.030184493,6.592004349,12.39983219,Sample,30,PIIRCE 2018,538
2.108313817,1.032876345,2.302457111,Sample,31,PIIRCE 2018,539
3.172155016,2.085694105,10.63148457,Sample,32,PIIRCE 2018,540
4.105769674,8.094105291,3.922014901,Sample,33,PIIRCE 2018,541
3.289618479,1.068403866,11.5213306,Sample,34,PIIRCE 2018,542
2.412253553,8.121800566,6.834498021,Sample,35,PIIRCE 2018,543
2.618434797,1.928502535,11.9399218,Sample,36,PIIRCE 2018,544
3.181272878,5.790802855,4.538283078,Sample,37,PIIRCE 2018,545
2.497387249,1.529038743,10.31661857,Sample,38,PIIRCE 2018,546
1.620033353,9.561811016,5.528992308,Sample,39,PIIRCE 2018,547
1.961468516,3.485380876,14.14813198,Sample,40,PIIRCE 2018,548
1.666931523,7.261751814,6.480951514,Sample,41,PIIRCE 2018,549
1.549484424,9.606169716,2.953018699,Sample,42,PIIRCE 2018,550
1.67822944,1.516229976,12.09652646,Sample,43,PIIRCE 2018,551
2.546658826,4.321182204,12.76936392,Sample,44,PIIRCE 2018,552
3.114811407,2.835013564,14.34880973,Sample,45,PIIRCE 2018,553
4.26255959,5.232980278,2.268284631,Sample,46,PIIRCE 2018,554
1.52979142,6.435868708,11.48080859,Sample,47,PIIRCE 2018,555
2.524816223,6.685758777,0.472791191,Sample,48,PIIRCE 2018,556
2.370380125,1.016710394,12.27253238,Sample,49,PIIRCE 2018,557
4.330351085,8.192776268,2.428707231,Sample,50,PIIRCE 2018,558
3.758317411,4.391096308,16.58051669,Sample,51,PIIRCE 2018,559
3.545770222,2.204705423,3.548052386,Sample,52,PIIRCE 2018,560
2.460517187,5.953892623,15.75603774,Sample,53,PIIRCE 2018,561
1.718025065,4.460181667,16.79486256,Sample,54,PIIRCE 2018,562
3.852219167,7.838988981,15.17505157,Sample,55,PIIRCE 2018,563
4.314211204,9.311150641,9.494481112,Sample,56,PIIRCE 2018,564
3.482362268,3.768841226,9.319394821,Sample,57,PIIRCE 2018,565
2.317488208,5.394930021,5.990693305,Sample,58,PIIRCE 2018,566
1.731491955,7.134844799,14.25643559,Sample,59,PIIRCE 2018,567
2.240740813,6.297851906,14.43541901,Sample,60,PIIRCE 2018,568
3.933249893,6.984204365,1.576847656,Sample,61,PIIRCE 2018,569
3.81359943,6.602516055,15.46062937,Sample,62,PIIRCE 2018,570
3.747040287,5.944256713,9.643956669,Sample,63,PIIRCE 2018,571
3.011982343,8.766678753,13.8711912,Sample,64,PIIRCE 2018,572
1.868099375,1.231733377,12.90571024,Sample,65,PIIRCE 2018,573
2.903540206,4.862535253,0.535983044,Sample,66,PIIRCE 2018,574
4.254420423,9.770477089,12.82522438,Sample,67,PIIRCE 2018,575
4.223732453,9.445960415,8.181468901,Sample,68,PIIRCE 2018,576
1.691027909,8.407921749,8.292574906,Sample,69,PIIRCE 2018,577
2.298248229,7.410347455,1.864379886,Sample,70,PIIRCE 2018,578
1.774784972,7.678379909,8.460692177,Sample,71,PIIRCE 2018,579
2.943019131,3.976020711,10.20995816,Sample,72,PIIRCE 2018,580
1.881436477,9.186179718,16.6138073,Sample,73,PIIRCE 2018,581
1.711640381,5.902816979,13.85517092,Sample,74,PIIRCE 2018,582
3.987692564,1.088566985,16.55707853,Sample,75,PIIRCE 2018,583
3.338536552,9.722063882,0.494738671,Sample,76,PIIRCE 2018,584
4.419916213,8.091066514,6.898130181,Sample,77,PIIRCE 2018,585
1.903502227,2.324985021,12.2607969,Sample,78,PIIRCE 2018,586
3.310884301,8.746161793,4.471342197,Sample,79,PIIRCE 2018,587
4.299891845,1.053532198,13.20393379,Sample,80,PIIRCE 2018,588
2.419426468,9.288272158,14.87995927,Sample,81,PIIRCE 2018,589
3.460434013,9.947675921,8.364377915,Sample,82,PIIRCE 2018,590
2.292667016,3.232933823,2.561937944,Sample,83,PIIRCE 2018,591
2.344662051,5.270357932,10.92953103,Sample,84,PIIRCE 2018,592
1.683255405,8.38647037,12.45753536,Sample,85,PIIRCE 2018,593
2.489858465,5.479773999,7.749526316,Sample,86,PIIRCE 2018,594
2.127604599,4.753169464,5.273579503,Sample,87,PIIRCE 2018,595
4.370114175,2.258172049,5.943220399,Sample,88,PIIRCE 2018,596
4.455418559,5.32571362,4.362982951,Sample,89,PIIRCE 2018,597
3.0754559,9.209450805,2.356904793,Sample,90,PIIRCE 2018,598
2.808604833,9.353348016,14.2944392,Sample,91,PIIRCE 2018,599
1.831810495,9.58605739,1.525142279,Sample,92,PIIRCE 2018,600
2.390666324,5.780161774,8.849307773,Sample,93,PIIRCE 2018,601
3.9793356,7.543710314,2.402086567,Sample,94,PIIRCE 2018,602
1.977943932,3.012262725,1.489538993,Sample,95,PIIRCE 2018,603
4.110740629,3.02422963,14.50529931,Sample,96,PIIRCE 2018,604
3.614621446,3.412863513,17.30597617,Sample,97,PIIRCE 2018,605
2.939877612,9.131769799,5.315135815,Sample,98,PIIRCE 2018,606
2.91659684,5.033664935,16.42953695,Sample,99,PIIRCE 2018,607
4.03692441,1.115161152,11.88512186,Sample,100,PIIRCE 2018,608
3.019448209,2.22008083,15.26338307,Sample,101,PIIRCE 2018,609
2.452455277,8.665951411,6.765122782,Sample,102,PIIRCE 2018,610
2.922259708,1.550436384,15.56765743,Sample,103,PIIRCE 2018,611
3.767204316,7.74239702,14.77359887,Sample,104,PIIRCE 2018,612
1.82900233,5.834098732,9.539769378,Sample,105,PIIRCE 2018,613
3.431409283,9.510664559,3.858939507,Sample,106,PIIRCE 2018,614
1.702251342,1.297695508,16.84947781,Sample,107,PIIRCE 2018,615
2.262793812,7.752204309,10.00981004,Sample,108,PIIRCE 2018,616
2.512755418,4.674575993,5.727128166,Sample,109,PIIRCE 2018,617
4.024487951,3.813917088,15.93695638,Sample,110,PIIRCE 2018,618
2.031217227,6.826771194,17.1909812,Sample,111,PIIRCE 2018,619
4.216296799,8.329774555,6.116616766,Sample,112,PIIRCE 2018,620
2.570697,5.130168856,2.88504305,Sample,113,PIIRCE 2018,621
3.262198582,9.548010206,16.48767758,Sample,114,PIIRCE 2018,622
3.945094283,4.36700959,11.23999014,Sample,115,PIIRCE 2018,623
3.488303971,2.139667658,2.766222714,Sample,116,PIIRCE 2018,624
3.091025918,8.177583812,5.001396271,Sample,117,PIIRCE 2018,625
2.273040976,2.864564623,15.63695539,Sample,118,PIIRCE 2018,626
3.833410916,3.397189852,6.799243337,Sample,119,PIIRCE 2018,627
1.645866555,4.645363338,16.75537232,Sample,120,PIIRCE 2018,628
3.476936259,2.755244395,13.58778677,Sample,121,PIIRCE 2018,629
2.781806702,1.34607353,14.0600029,Sample,122,PIIRCE 2018,630
1.696388054,8.304863071,7.050954593,Sample,123,PIIRCE 2018,631
2.328499886,4.059699036,8.723025442,Sample,124,PIIRCE 2018,632
1.651401518,1.331353479,11.38521508,Sample,125,PIIRCE 2018,633
2.205577219,1.984935144,14.75216946,Sample,126,PIIRCE 2018,634
1.638127133,9.80350777,6.167436208,Sample,127,PIIRCE 2018,635
4.117017445,2.979039189,17.10870422,Sample,128,PIIRCE 2018,636
3.737832514,1.397263781,7.11803684,Sample,129,PIIRCE 2018,637
3.304613325,8.161193957,6.360598668,Sample,130,PIIRCE 2018,638
2.832260515,1.094344269,4.908213007,Sample,131,PIIRCE 2018,639
2.978327548,5.183761816,5.039940105,Sample,132,PIIRCE 2018,640
2.040682932,4.66463468,12.12899059,Sample,133,PIIRCE 2018,641
2.339647739,4.263884675,8.19366672,Sample,134,PIIRCE 2018,642
3.673450653,7.898644765,10.85240686,Sample,135,PIIRCE 2018,643
1.816456684,4.909135807,7.435715221,Sample,136,PIIRCE 2018,644
4.45168061,4.47834638,2.626696615,Sample,137,PIIRCE 2018,645
1.841772837,6.578068062,1.807665901,Sample,138,PIIRCE 2018,646
3.793802138,7.325811065,3.775062481,Sample,139,PIIRCE 2018,647
3.058851743,5.823830782,2.817804082,Sample,140,PIIRCE 2018,648
3.004322259,2.875296934,11.75844264,Sample,141,PIIRCE 2018,649
3.923093947,9.258039467,0.883999408,Sample,142,PIIRCE 2018,650
1.660218123,7.727553797,1.170001562,Sample,143,PIIRCE 2018,651
2.247637777,8.488517761,4.184458512,Sample,144,PIIRCE 2018,652
1.607903631,9.08687473,2.491777241,Sample,145,PIIRCE 2018,653
1.750402282,7.47957288,1.307762948,Sample,146,PIIRCE 2018,654
2.095225895,6.383980066,7.828268014,Sample,147,PIIRCE 2018,655
2.136875572,2.56887114,15.5126327,Sample,148,PIIRCE 2018,656
1.516432392,7.036634844,9.554473077,Sample,149,PIIRCE 2018,657
3.94183257,2.794560624,6.448692842,Sample,150,PIIRCE 2018,658
3.780270385,8.678749241,6.677230364,Sample,151,PIIRCE 2018,659
3.826374301,6.629085937,10.07884209,Sample,152,PIIRCE 2018,660
3.249638801,7.224573418,6.085455648,Sample,153,PIIRCE 2018,661
2.764905474,9.488269474,17.01293816,Sample,154,PIIRCE 2018,662
4.095062443,1.617269191,3.79963511,Sample,155,PIIRCE 2018,663
3.630608258,5.646520187,14.39786391,Sample,156,PIIRCE 2018,664
4.490089302,6.290138932,16.91847394,Sample,157,PIIRCE 2018,665
4.429770303,4.816375793,3.140105876,Sample,158,PIIRCE 2018,666
4.04301928,4.415791521,1.100883261,Sample,159,PIIRCE 2018,667
1.745055543,3.614769774,8.338626378,Sample,160,PIIRCE 2018,668
4.356078513,3.994655039,13.61942634,Sample,161,PIIRCE 2018,669
3.045603509,8.850602513,6.605806371,Sample,162,PIIRCE 2018,670
4.074341228,2.390957905,14.73123368,Sample,163,PIIRCE 2018,671
1.531674273,9.522799729,13.24251107,Sample,164,PIIRCE 2018,672
2.700252513,8.282478461,9.9051449,Sample,165,PIIRCE 2018,673
2.681004075,6.5319701,12.32653303,Sample,166,PIIRCE 2018,674
4.268861773,3.504124156,4.073248591,Sample,167,PIIRCE 2018,675
3.241680963,1.755784986,15.24073093,Sample,168,PIIRCE 2018,676
1.791177102,3.567728496,12.48033577,Sample,169,PIIRCE 2018,677
4.275425183,9.625242478,1.358547391,Sample,170,PIIRCE 2018,678
3.846490914,2.010479121,3.664588357,Sample,171,PIIRCE 2018,679
2.274811155,4.140995048,14.32493425,Sample,172,PIIRCE 2018,680
2.022904859,5.609208438,12.38825517,Sample,173,PIIRCE 2018,681
3.084136217,7.237850145,12.70809299,Sample,174,PIIRCE 2018,682
1.617422748,8.55235566,9.867234639,Sample,175,PIIRCE 2018,683
1.844703377,6.099578299,7.08032876,Sample,176,PIIRCE 2018,684
4.241866015,6.41331693,8.647999732,Sample,177,PIIRCE 2018,685
3.755309182,8.040589836,9.166326965,Sample,178,PIIRCE 2018,686
3.29739852,6.901724453,15.18480998,Sample,179,PIIRCE 2018,687
3.704335229,5.369146688,16.14118332,Sample,180,PIIRCE 2018,688
1.986503484,7.448657444,9.685700839,Sample,181,PIIRCE 2018,689
2.440916989,3.855168394,12.57250788,Sample,182,PIIRCE 2018,690
3.275200065,7.570568587,2.976858125,Sample,183,PIIRCE 2018,691
3.643873127,7.650243467,4.8012466,Sample,184,PIIRCE 2018,692
4.172973265,9.94547772,4.621227448,Sample,185,PIIRCE 2018,693
2.073999983,5.452120226,9.13111572,Sample,186,PIIRCE 2018,694
3.661905014,5.076180744,4.648046676,Sample,187,PIIRCE 2018,695
2.10409943,7.307849567,11.17305998,Sample,188,PIIRCE 2018,696
1.944773326,1.310380416,8.529620962,Sample,189,PIIRCE 2018,697
2.290223708,8.362672146,11.84650188,Sample,190,PIIRCE 2018,698
3.88138419,5.014501241,12.67480341,Sample,191,PIIRCE 2018,699
3.363856353,7.806479306,0.849567502,Sample,192,PIIRCE 2018,700
4.345629794,4.305747612,15.87323515,Sample,193,PIIRCE 2018,701
4.282134902,8.578087965,16.19359015,Sample,194,PIIRCE 2018,702
4.192503144,1.812194207,14.85692363,Sample,195,PIIRCE 2018,703
4.07292712,6.032225834,14.19205893,Sample,196,PIIRCE 2018,704
2.561984964,2.646600377,13.31667134,Sample,197,PIIRCE 2018,705
3.800397488,7.111375532,13.13966446,Sample,198,PIIRCE 2018,706
1.859337208,4.103952988,9.415993974,Sample,199,PIIRCE 2018,707
1.909578478,9.569063626,4.19681524,Sample,200,PIIRCE 2018,708
3.315110464,5.088468374,11.1168625,Sample,201,PIIRCE 2018,709
1.544735909,9.654932795,13.78535202,Sample,202,PIIRCE 2018,710
2.595611281,6.802927216,10.36747888,Sample,203,PIIRCE 2018,711
3.595686246,6.546704739,10.67486435,Sample,204,PIIRCE 2018,712
3.742438043,6.243700781,8.813773447,Sample,205,PIIRCE 2018,713
4.472513126,5.981522334,3.627411131,Sample,206,PIIRCE 2018,714
2.217010714,2.920089214,6.944011435,Sample,207,PIIRCE 2018,715
2.116979867,3.959646774,5.76651711,Sample,208,PIIRCE 2018,716
4.478958202,4.933674663,8.684617164,Sample,209,PIIRCE 2018,717
3.927805171,5.144970291,7.291054704,Sample,210,PIIRCE 2018,718
1.613426252,4.848529108,14.66824206,Sample,211,PIIRCE 2018,719
3.148352472,7.696258091,15.54992839,Sample,212,PIIRCE 2018,720
2.98660583,2.625048787,14.98004959,Sample,213,PIIRCE 2018,721
3.582604864,2.114180002,5.786524304,Sample,214,PIIRCE 2018,722
2.788653303,6.931106384,6.933627711,Sample,215,PIIRCE 2018,723
2.42647085,5.914066486,13.65943398,Sample,216,PIIRCE 2018,724
2.143159812,6.697412276,4.417246044,Sample,217,PIIRCE 2018,725
4.125993073,9.342888034,11.48520021,Sample,218,PIIRCE 2018,726
3.709545098,5.528436655,13.16949039,Sample,219,PIIRCE 2018,727
1.994041916,9.669452631,8.294523406,Sample,220,PIIRCE 2018,728
2.06516209,7.988987873,13.52396476,Sample,221,PIIRCE 2018,729
3.688395563,2.612364892,2.369101101,Sample,222,PIIRCE 2018,730
3.964602829,2.774711272,10.88553004,Sample,223,PIIRCE 2018,731
2.502927782,4.519424881,3.821177038,Sample,224,PIIRCE 2018,732
2.053499806,5.745619876,9.082931617,Sample,225,PIIRCE 2018,733
2.598242772,3.732243672,6.98780116,Sample,226,PIIRCE 2018,734
2.628571226,4.089596837,7.510657476,Sample,227,PIIRCE 2018,735
1.593783439,2.512843789,16.53200322,Sample,228,PIIRCE 2018,736
2.736385611,4.603696705,7.181493297,Sample,229,PIIRCE 2018,737
3.566390914,6.460584367,8.944249594,Sample,230,PIIRCE 2018,738
2.37881986,9.825612849,13.70829318,Sample,231,PIIRCE 2018,739
3.789679516,4.960849268,5.222479203,Sample,232,PIIRCE 2018,740
3.572706859,6.662079199,9.796985688,Sample,233,PIIRCE 2018,741
3.804251399,4.150716046,16.45462255,Sample,234,PIIRCE 2018,742
3.44655371,7.050531915,10.46382358,Sample,235,PIIRCE 2018,743
4.183705238,7.66994556,1.9915411,Sample,236,PIIRCE 2018,744
2.954700417,4.984302009,9.473165291,Sample,237,PIIRCE 2018,745
3.419022561,8.613325781,9.985049742,Sample,238,PIIRCE 2018,746
2.875376274,1.148759277,3.303714977,Sample,239,PIIRCE 2018,747
2.609275164,3.182269584,13.35504063,Sample,240,PIIRCE 2018,748
2.012198226,9.916499298,3.180978251,Sample,241,PIIRCE 2018,749
3.561612792,2.228484851,11.33178498,Sample,242,PIIRCE 2018,750
3.593631269,8.002836992,2.753253816,Sample,243,PIIRCE 2018,751
2.683782966,8.698400202,4.430783013,Sample,244,PIIRCE 2018,752
3.328368104,5.119276859,5.377722696,Sample,245,PIIRCE 2018,753
4.398861464,6.353175697,8.596369356,Sample,246,PIIRCE 2018,754
2.314717734,5.700032904,17.00240368,Sample,247,PIIRCE 2018,755
3.554579284,2.473101153,15.59913658,Sample,248,PIIRCE 2018,756
2.748252123,3.132682819,11.05043863,Sample,249,PIIRCE 2018,757
3.896192735,7.086340002,11.36636744,Sample,250,PIIRCE 2018,758
2.130773325,1.171330606,0.626723602,Sample,251,PIIRCE 2018,759
3.161368426,6.237059547,15.75056328,Sample,252,PIIRCE 2018,760
4.016178254,6.876489653,4.869637741,Sample,253,PIIRCE 2018,761
2.209132053,4.07132929,1.259103107,Sample,254,PIIRCE 2018,762
3.216745558,4.493629265,9.589013629,Sample,255,PIIRCE 2018,763
2.402905494,9.05201295,4.038058069,Sample,256,PIIRCE 2018,764
3.956311934,1.186474455,0.772327776,Sample,257,PIIRCE 2018,765
2.928208603,2.041487376,1.440781011,Sample,258,PIIRCE 2018,766
4.362791736,1.676846112,14.67749608,Sample,259,PIIRCE 2018,767
2.791401307,2.988151526,1.214100336,Sample,260,PIIRCE 2018,768
3.604265999,1.133625391,2.650692271,Sample,261,PIIRCE 2018,769
3.648749483,7.873304033,5.493261292,Sample,262,PIIRCE 2018,770
4.341402318,3.866744832,3.027635429,Sample,263,PIIRCE 2018,771
3.891954694,9.68660109,10.80754799,Sample,264,PIIRCE 2018,772
4.46818225,4.881626771,7.214286014,Sample,265,PIIRCE 2018,773
2.768973416,2.370776292,14.59612092,Sample,266,PIIRCE 2018,774
3.137557917,7.920298589,5.837320309,Sample,267,PIIRCE 2018,775
3.013894799,2.740062072,9.020250551,Sample,268,PIIRCE 2018,776
2.840294343,9.029357585,3.478160059,Sample,269,PIIRCE 2018,777
1.955760532,6.715073168,12.16291478,Sample,270,PIIRCE 2018,778
2.062410198,8.022911971,15.05304444,Sample,271,PIIRCE 2018,779
2.873825929,8.883387258,4.134240258,Sample,272,PIIRCE 2018,780
3.256971912,5.20605567,13.79374985,Sample,273,PIIRCE 2018,781
4.226123173,5.726724206,2.134179357,Sample,274,PIIRCE 2018,782
2.966119673,1.280942527,11.71920953,Sample,275,PIIRCE 2018,783
2.915367904,4.27784701,1.818904637,Sample,276,PIIRCE 2018,784
2.823875331,1.892558627,10.54092963,Sample,277,PIIRCE 2018,785
3.636709343,6.21826384,12.20325608,Sample,278,PIIRCE 2018,786
1.918140714,3.430315341,6.356207097,Sample,279,PIIRCE 2018,787
3.269914131,5.375764664,5.628882291,Sample,280,PIIRCE 2018,788
2.088333504,9.474537104,15.37282305,Sample,281,PIIRCE 2018,789
2.123317435,4.12955956,14.49480196,Sample,282,PIIRCE 2018,790
4.205142658,4.335502294,4.275356404,Sample,283,PIIRCE 2018,791
3.438561804,2.94188657,12.78816202,Sample,284,PIIRCE 2018,792
4.045681883,3.928123289,3.112030535,Sample,285,PIIRCE 2018,793
2.80104674,8.257845491,13.72917474,Sample,286,PIIRCE 2018,794
2.970624259,2.944805284,6.221969413,Sample,287,PIIRCE 2018,795
2.081122301,9.071572755,0.797430615,Sample,288,PIIRCE 2018,796
4.291987004,2.478867987,12.97719371,Sample,289,PIIRCE 2018,797
2.181880587,8.064031701,10.35736335,Sample,290,PIIRCE 2018,798
2.172569279,7.369913883,9.404992208,Sample,291,PIIRCE 2018,799
2.199030938,5.635990978,0.632904996,Sample,292,PIIRCE 2018,800
2.634979139,8.91975149,15.10886233,Sample,293,PIIRCE 2018,801
4.199201831,7.39773195,10.50784023,Sample,294,PIIRCE 2018,802
4.007651415,3.780183953,8.081926916,Sample,295,PIIRCE 2018,803
2.96119593,3.609925411,13.90774144,Sample,296,PIIRCE 2018,804
3.547475379,3.300426878,11.20236592,Sample,297,PIIRCE 2018,805
3.976146431,3.352974569,1.71773897,Sample,298,PIIRCE 2018,806
1.566578601,4.793218941,10.72176073,Sample,299,PIIRCE 2018,807
3.994872809,2.810902451,8.010553299,Sample,300,PIIRCE 2018,808
1.575353856,9.788788858,16.68376942,Sample,301,PIIRCE 2018,809
2.583334499,9.207423333,10.74845743,Sample,302,PIIRCE 2018,810
2.528715622,7.632852203,1.190652329,Sample,303,PIIRCE 2018,811
1.80866996,3.548348966,6.594529069,Sample,304,PIIRCE 2018,812
2.188971492,6.325005997,15.96973698,Sample,305,PIIRCE 2018,813
3.682727572,1.641567719,10.78140992,Sample,306,PIIRCE 2018,814
4.157594969,7.173016745,12.02130702,Sample,307,PIIRCE 2018,815
4.354758238,9.017790058,1.638331908,Sample,308,PIIRCE 2018,816
3.166191506,5.57141572,4.231510216,Sample,309,PIIRCE 2018,817
2.864354246,5.2564293,14.55131053,Sample,310,PIIRCE 2018,818
1.779308888,3.269342677,10.14566358,Sample,311,PIIRCE 2018,819
4.458140456,1.479221145,13.95909809,Sample,312,PIIRCE 2018,820
1.672437705,4.699421101,15.6574359,Sample,313,PIIRCE 2018,821
4.442168219,4.535103824,9.237975072,Sample,314,PIIRCE 2018,822
3.069288404,1.253885908,0.985223618,Sample,315,PIIRCE 2018,823
2.466346252,1.841588044,5.133386293,Sample,316,PIIRCE 2018,824
1.636686884,7.802781101,2.098542645,Sample,317,PIIRCE 2018,825
3.866877743,1.456972193,4.525486832,Sample,318,PIIRCE 2018,826
2.003986134,6.912089709,11.80100904,Sample,319,PIIRCE 2018,827
3.884426698,2.530783724,15.9046246,Sample,320,PIIRCE 2018,828
2.444515562,8.966782171,16.73864552,Sample,321,PIIRCE 2018,829
4.080628492,3.675124918,5.661474762,Sample,322,PIIRCE 2018,830
3.656445845,1.577736859,7.816264775,Sample,323,PIIRCE 2018,831
2.826016841,7.272968906,13.28251425,Sample,324,PIIRCE 2018,832
2.563605533,5.351072744,8.883313098,Sample,325,PIIRCE 2018,833
1.555304284,9.74942559,3.587368755,Sample,326,PIIRCE 2018,834
3.11347565,3.326190995,2.028915921,Sample,327,PIIRCE 2018,835
4.393624456,1.500150076,5.075499185,Sample,328,PIIRCE 2018,836
2.756979875,6.96613424,11.02462204,Sample,329,PIIRCE 2018,837
4.028362016,1.90088558,11.96569081,Sample,330,PIIRCE 2018,838
3.320490372,3.880077258,3.687761031,Sample,331,PIIRCE 2018,839
2.082172503,8.252399285,16.64343975,Sample,332,PIIRCE 2018,840
2.192499643,8.51112324,5.008907718,Sample,333,PIIRCE 2018,841
1.510297123,7.623830086,13.57380616,Sample,334,PIIRCE 2018,842
2.231084814,3.05325365,9.063561324,Sample,335,PIIRCE 2018,843
3.61107198,2.175034477,5.168428977,Sample,336,PIIRCE 2018,844
4.233679137,5.064911699,10.25371636,Sample,337,PIIRCE 2018,845
4.382053734,2.41773325,16.33088295,Sample,338,PIIRCE 2018,846
2.709192579,1.938287931,3.223980592,Sample,339,PIIRCE 2018,847
3.505593334,6.180527483,3.262494902,Sample,340,PIIRCE 2018,848
1.769157473,9.265780785,0.925032753,Sample,341,PIIRCE 2018,849
4.058796975,8.352048769,10.96649229,Sample,342,PIIRCE 2018,850
1.754027865,3.469925969,4.764036678,Sample,343,PIIRCE 2018,851
4.128986714,3.036753373,13.26254405,Sample,344,PIIRCE 2018,852
2.644664621,7.604667953,11.5949205,Sample,345,PIIRCE 2018,853
2.662782867,7.28589868,5.29843703,Sample,346,PIIRCE 2018,854
4.086645175,8.61804506,7.262948055,Sample,347,PIIRCE 2018,855
2.160835886,4.955151201,1.901606794,Sample,348,PIIRCE 2018,856
4.100475453,3.908258116,3.358315611,Sample,349,PIIRCE 2018,857
2.719985359,1.771673218,8.492774669,Sample,350,PIIRCE 2018,858
2.153153102,2.843814106,15.81464791,Sample,351,PIIRCE 2018,859
1.75834326,7.528925384,17.34954538,Sample,352,PIIRCE 2018,860
2.260926645,3.652785177,17.27856999,Sample,353,PIIRCE 2018,861
3.998924547,9.380863933,7.334057,Sample,354,PIIRCE 2018,862
3.345516053,1.607762554,11.29552132,Sample,355,PIIRCE 2018,863
4.390786839,1.789174876,7.78406043,Sample,356,PIIRCE 2018,864
3.625993694,6.161272469,9.651171143,Sample,357,PIIRCE 2018,865
3.357341438,1.803979898,14.93930833,Sample,358,PIIRCE 2018,866
3.174934998,8.215420343,13.02235103,Sample,359,PIIRCE 2018,867
3.060623682,8.437218828,5.361884777,Sample,360,PIIRCE 2018,868
4.423139454,4.257925208,4.76851656,Sample,361,PIIRCE 2018,869
1.896243097,3.739848666,3.744505007,Sample,362,PIIRCE 2018,870
2.304713104,8.641551755,11.08805211,Sample,363,PIIRCE 2018,871
3.025023239,8.836865826,13.40284631,Sample,364,PIIRCE 2018,872
3.10724163,1.378572187,7.032769624,Sample,365,PIIRCE 2018,873
4.248514968,6.649421697,6.2261921,Sample,366,PIIRCE 2018,874
2.653628372,8.788769408,8.538915836,Sample,367,PIIRCE 2018,875
2.734052539,2.047513993,10.46467035,Sample,368,PIIRCE 2018,876
1.734298481,8.893825641,3.887901962,Sample,369,PIIRCE 2018,877
2.170783394,7.021335301,4.731221825,Sample,370,PIIRCE 2018,878
4.067364174,4.448775491,4.942347925,Sample,371,PIIRCE 2018,879
2.368684586,3.101374644,12.84083759,Sample,372,PIIRCE 2018,880
3.908663832,6.755176611,14.1177412,Sample,373,PIIRCE 2018,881
1.968215172,6.952480268,15.82804877,Sample,374,PIIRCE 2018,882
3.904556947,7.503395044,9.308992882,Sample,375,PIIRCE 2018,883
3.049470762,9.168089138,7.672875602,Sample,376,PIIRCE 2018,884
1.563143204,5.228082929,16.88020001,Sample,377,PIIRCE 2018,885
2.037304484,3.800619034,12.03236114,Sample,378,PIIRCE 2018,886
3.536270873,2.126612873,15.11344898,Sample,379,PIIRCE 2018,887
4.412175737,5.547294994,16.12194046,Sample,380,PIIRCE 2018,888
2.575733404,3.316818463,3.407124899,Sample,381,PIIRCE 2018,889
3.371758209,8.714450352,9.177516139,Sample,382,PIIRCE 2018,890
3.195159951,4.199199061,9.765174229,Sample,383,PIIRCE 2018,891
3.224135786,4.807799481,6.149956971,Sample,384,PIIRCE 2018,892
3.353360475,8.986140842,7.711919844,Sample,385,PIIRCE 2018,893
2.8515794,9.98482091,7.385268323,Sample,386,PIIRCE 2018,894
2.611234632,1.426578435,3.5287188,Sample,387,PIIRCE 2018,895
1.895229732,7.490468253,12.60784323,Sample,388,PIIRCE 2018,896
3.69998379,9.74635328,0.708195365,Sample,389,PIIRCE 2018,897
2.696810156,6.020016045,7.935440167,Sample,390,PIIRCE 2018,898
3.52784319,4.029951905,2.855474238,Sample,391,PIIRCE 2018,899
1.797424226,2.297521454,0.430494282,Sample,392,PIIRCE 2018,900
2.050337627,9.843228814,11.73521972,Sample,393,PIIRCE 2018,901
2.849900079,5.516104722,10.65471389,Sample,394,PIIRCE 2018,902
3.520525281,1.996239874,5.204049949,Sample,395,PIIRCE 2018,903
2.671675758,7.854878716,3.433060346,Sample,396,PIIRCE 2018,904
3.768829711,5.430679115,16.23781754,Sample,397,PIIRCE 2018,905
3.467468561,3.252455428,3.056921682,Sample,398,PIIRCE 2018,906
1.597539685,9.862147354,7.986602979,Sample,399,PIIRCE 2018,907
2.622602962,7.564431525,0.761930251,Sample,400,PIIRCE 2018,908
3.236286029,5.605119142,1.402268977,Sample,401,PIIRCE 2018,909
3.473803902,2.554587448,16.09150894,Sample,402,PIIRCE 2018,910
3.139535638,9.236965149,12.64599625,Sample,403,PIIRCE 2018,911
2.516147625,5.172104495,16.05025161,Sample,404,PIIRCE 2018,912
3.724386065,6.760283637,5.461731931,Sample,405,PIIRCE 2018,913
3.862765533,8.828863237,10.28841146,Sample,406,PIIRCE 2018,914
3.731316746,4.767005928,12.95244395,Sample,407,PIIRCE 2018,915
3.330254692,2.426920283,5.601131084,Sample,408,PIIRCE 2018,916
2.587884544,8.141338422,8.617884646,Sample,409,PIIRCE 2018,917
1.708824567,5.851392238,0.57438029,Sample,410,PIIRCE 2018,918
1.802308349,5.875661146,2.688269411,Sample,411,PIIRCE 2018,919
1.9648773,1.956496423,3.459184057,Sample,412,PIIRCE 2018,920
2.347282435,9.3327036,0.668181673,Sample,413,PIIRCE 2018,921
3.95068856,7.97385052,11.4350605,Sample,414,PIIRCE 2018,922
4.169269558,6.447282068,11.55845563,Sample,415,PIIRCE 2018,923
2.224175902,5.894911175,4.296809775,Sample,416,PIIRCE 2018,924
2.860348204,7.174233381,14.61353386,Sample,417,PIIRCE 2018,925
3.129749909,2.584827668,2.064196118,Sample,418,PIIRCE 2018,926
2.651463974,3.709188517,1.656070726,Sample,419,PIIRCE 2018,927
2.325258469,6.862371338,6.70623762,Sample,420,PIIRCE 2018,928
4.484940713,1.86005849,0.933891487,Sample,421,PIIRCE 2018,929
2.358618379,3.08399068,5.869624334,Sample,422,PIIRCE 2018,930
3.834277081,7.932687545,12.08826397,Sample,423,PIIRCE 2018,931
1.820745276,1.369245062,14.97266804,Sample,424,PIIRCE 2018,932
1.863007063,3.576253726,12.92399579,Sample,425,PIIRCE 2018,933
1.938895375,3.83142394,1.104187195,Sample,426,PIIRCE 2018,934
3.69559571,5.002742644,12.52451277,Sample,427,PIIRCE 2018,935
2.745137357,8.420668159,4.863331881,Sample,428,PIIRCE 2018,936
2.550771184,7.886280519,7.450564716,Sample,429,PIIRCE 2018,937
4.181815859,1.445137778,2.532836443,Sample,430,PIIRCE 2018,938
2.492872962,1.56780043,7.622550388,Sample,431,PIIRCE 2018,939
1.885491635,4.208163596,8.934858414,Sample,432,PIIRCE 2018,940
1.628431628,4.019041019,15.2862594,Sample,433,PIIRCE 2018,941
3.287605434,6.474999698,16.20555966,Sample,434,PIIRCE 2018,942
3.619778014,2.497599314,1.958218781,Sample,435,PIIRCE 2018,943
4.305369787,8.801071238,1.946284233,Sample,436,PIIRCE 2018,944
4.054548919,2.163324646,13.06453634,Sample,437,PIIRCE 2018,945
3.493766592,3.951329704,10.42504626,Sample,438,PIIRCE 2018,946
1.787156011,9.906298342,1.028392318,Sample,439,PIIRCE 2018,947
3.389122539,2.340553602,6.042439465,Sample,440,PIIRCE 2018,948
4.246260199,6.725766485,17.22642078,Sample,441,PIIRCE 2018,949
2.019813107,7.140161976,6.863683635,Sample,442,PIIRCE 2018,950
2.541625228,4.420499161,15.02389946,Sample,443,PIIRCE 2018,951
2.233665134,5.303404817,9.720044458,Sample,444,PIIRCE 2018,952
3.078136104,4.581929214,8.427311112,Sample,445,PIIRCE 2018,953
4.012103006,6.05672086,12.54965405,Sample,446,PIIRCE 2018,954
1.580413739,9.891898555,11.64837455,Sample,447,PIIRCE 2018,955
3.18935645,5.691125453,14.42068556,Sample,448,PIIRCE 2018,956
3.230791699,4.354979947,7.905303656,Sample,449,PIIRCE 2018,957
4.142476418,6.198807715,4.332011708,Sample,450,PIIRCE 2018,958
3.121360724,6.998676717,16.3863601,Sample,451,PIIRCE 2018,959
1.585013381,5.295311008,4.574447097,Sample,452,PIIRCE 2018,960
2.408754853,4.627919366,2.523560383,Sample,453,PIIRCE 2018,961
2.807708851,6.112401299,3.080430785,Sample,454,PIIRCE 2018,962
2.948393408,4.897262166,4.094860029,Sample,455,PIIRCE 2018,963
3.913860856,3.362257094,8.099419415,Sample,456,PIIRCE 2018,964
2.71374341,8.540917652,5.42960732,Sample,457,PIIRCE 2018,965
2.532783653,1.86719322,15.41685157,Sample,458,PIIRCE 2018,966
4.378482841,3.53790185,7.547450981,Sample,459,PIIRCE 2018,967
1.873401584,8.453868287,7.374279417,Sample,460,PIIRCE 2018,968
4.333865075,6.511447455,7.602498345,Sample,461,PIIRCE 2018,969
3.424984382,2.267939318,17.04596179,Sample,462,PIIRCE 2018,970
2.387838581,6.06405317,17.15039223,Sample,463,PIIRCE 2018,971
3.717135341,3.161503222,8.040196041,Sample,464,PIIRCE 2018,972
3.036724293,1.700964289,10.57314567,Sample,465,PIIRCE 2018,973
3.776994386,1.654952844,16.28551398,Sample,466,PIIRCE 2018,974
2.995965228,7.208982869,1.280840222,Sample,467,PIIRCE 2018,975
3.380214368,8.234188453,3.952649951,Sample,468,PIIRCE 2018,976
2.397689287,5.677490304,6.516896594,Sample,469,PIIRCE 2018,977
3.211918373,4.718422834,2.716527982,Sample,470,PIIRCE 2018,978
3.150738871,2.668861106,16.83887377,Sample,471,PIIRCE 2018,979
1.722453716,2.686263354,13.44314506,Sample,472,PIIRCE 2018,980
2.477031227,7.376492114,10.10275517,Sample,473,PIIRCE 2018,981
4.149850889,3.643109846,2.162671278,Sample,474,PIIRCE 2018,982
3.498589247,9.710706123,10.16350971,Sample,475,PIIRCE 2018,983
1.519744623,9.004421704,11.67138292,Sample,476,PIIRCE 2018,984
1.980516768,2.357829234,13.47560167,Sample,477,PIIRCE 2018,985
2.890758412,2.285953709,5.567548279,Sample,478,PIIRCE 2018,986
1.933030121,6.37235441,6.535834023,Sample,479,PIIRCE 2018,987
3.870160925,8.922337369,7.153152794,Sample,480,PIIRCE 2018,988
2.280810744,3.121878554,9.925444534,Sample,481,PIIRCE 2018,989
1.500936294,7.07944162,5.954350292,Sample,482,PIIRCE 2018,990
3.511105384,7.781068848,14.22810108,Sample,483,PIIRCE 2018,991
1.924935178,2.708969192,2.91478649,Sample,484,PIIRCE 2018,992
2.777420827,3.463026356,17.11673389,Sample,485,PIIRCE 2018,993
3.66645444,3.223336462,8.247742508,Sample,486,PIIRCE 2018,994
2.689510155,8.472030305,11.25818393,Sample,487,PIIRCE 2018,995
4.494330333,4.733269541,6.638118405,Sample,488,PIIRCE 2018,996
3.37765305,6.778087967,8.798917926,Sample,489,PIIRCE 2018,997
3.207901281,3.153168501,9.370107595,Sample,490,PIIRCE 2018,998
3.43662253,8.560700324,14.83509341,Sample,491,PIIRCE 2018,999
4.163317837,9.402662451,11.91657126,Sample,492,PIIRCE 2018,1000
2.357023659,4.593841632,16.3612907,Sample,493,PIIRCE 2018,1001
1.848373517,5.49890521,8.149542193,Sample,494,PIIRCE 2018,1002
3.96916674,4.225409747,13.08234509,Sample,495,PIIRCE 2018,1003
4.436552038,7.43626492,15.3463434,Sample,496,PIIRCE 2018,1004
3.405304029,1.709977197,5.907292589,Sample,497,PIIRCE 2018,1005
2.434913106,1.204800811,1.448174622,Sample,498,PIIRCE 2018,1006
4.313464785,5.991045416,12.35073734,Sample,499,PIIRCE 2018,1007
1.929420203,6.494329825,8.739159187,Sample,500,PIIRCE 2018,1008
1.5,1,0.39,Extremes,501,PIIRCE 2018,1009
4.5,1,0.39,Extremes,502,PIIRCE 2018,1010
1.5,10,0.39,Extremes,503,PIIRCE 2018,1011
4.5,10,0.39,Extremes,504,PIIRCE 2018,1012
1.5,1,17.35,Extremes,505,PIIRCE 2018,1013
4.5,1,17.35,Extremes,506,PIIRCE 2018,1014
1.5,10,17.35,Extremes,507,PIIRCE 2018,1015
4.5,10,17.35,Extremes,508,PIIRCE 2018,1016
2.906767697,5.417657899,9.265795124,Sample,1,Optimization Policy,1017
2.882814717,6.142605022,8.998909572,Sample,2,Optimization Policy,1018
3.45490906,1.236043689,3.308796633,Sample,3,Optimization Policy,1019
2.252780448,2.079506376,15.40505367,Sample,4,Optimization Policy,1020
4.206628731,9.43559591,1.053950171,Sample,5,Optimization Policy,1021
3.401535177,2.72039988,10.02851931,Sample,6,Optimization Policy,1022
4.137371987,4.178743039,1.764020193,Sample,7,Optimization Policy,1023
4.287796791,2.453745518,7.861038341,Sample,8,Optimization Policy,1024
2.818000287,5.581370708,9.850023401,Sample,9,Optimization Policy,1025
2.007199289,7.948916427,6.316842629,Sample,10,Optimization Policy,1026
3.413676825,9.97590194,14.05048468,Sample,11,Optimization Policy,1027
4.406816554,3.684340478,15.70277859,Sample,12,Optimization Policy,1028
3.199180929,6.341252108,2.196282052,Sample,13,Optimization Policy,1029
2.669018607,3.197361274,5.688238693,Sample,14,Optimization Policy,1030
3.577919166,8.955172964,14.02404952,Sample,15,Optimization Policy,1031
2.893163273,6.082852474,11.00235828,Sample,16,Optimization Policy,1032
2.154324423,7.34056863,1.583912587,Sample,17,Optimization Policy,1033
3.278216273,6.273146319,0.408720592,Sample,18,Optimization Policy,1034
1.537820886,9.406892091,6.414448555,Sample,19,Optimization Policy,1035
3.393400675,9.108637224,13.49048337,Sample,20,Optimization Policy,1036
2.455315416,1.736907449,7.538903481,Sample,21,Optimization Policy,1037
3.817086293,6.833142551,4.004335263,Sample,22,Optimization Policy,1038
2.480118951,3.381617858,6.269958009,Sample,23,Optimization Policy,1039
3.841111025,9.141027477,4.684028666,Sample,24,Optimization Policy,1040
2.98921795,8.311524757,16.00776341,Sample,25,Optimization Policy,1041
3.530691909,8.738908082,1.688562927,Sample,26,Optimization Policy,1042
4.322987925,5.764292023,2.227104138,Sample,27,Optimization Policy,1043
2.725793689,2.893868345,13.94991319,Sample,28,Optimization Policy,1044
3.099496237,4.563245815,16.97430986,Sample,29,Optimization Policy,1045
3.030184493,6.592004349,12.39983219,Sample,30,Optimization Policy,1046
2.108313817,1.032876345,2.302457111,Sample,31,Optimization Policy,1047
3.172155016,2.085694105,10.63148457,Sample,32,Optimization Policy,1048
4.105769674,8.094105291,3.922014901,Sample,33,Optimization Policy,1049
3.289618479,1.068403866,11.5213306,Sample,34,Optimization Policy,1050
2.412253553,8.121800566,6.834498021,Sample,35,Optimization Policy,1051
2.618434797,1.928502535,11.9399218,Sample,36,Optimization Policy,1052
3.181272878,5.790802855,4.538283078,Sample,37,Optimization Policy,1053
2.497387249,1.529038743,10.31661857,Sample,38,Optimization Policy,1054
1.620033353,9.561811016,5.528992308,Sample,39,Optimization Policy,1055
1.961468516,3.485380876,14.14813198,Sample,40,Optimization Policy,1056
1.666931523,7.261751814,6.480951514,Sample,41,Optimization Policy,1057
1.549484424,9.606169716,2.953018699,Sample,42,Optimization Policy,1058
1.67822944,1.516229976,12.09652646,Sample,43,Optimization Policy,1059
2.546658826,4.321182204,12.76936392,Sample,44,Optimization Policy,1060
3.114811407,2.835013564,14.34880973,Sample,45,Optimization Policy,1061
4.26255959,5.232980278,2.268284631,Sample,46,Optimization Policy,1062
1.52979142,6.435868708,11.48080859,Sample,47,Optimization Policy,1063
2.524816223,6.685758777,0.472791191,Sample,48,Optimization Policy,1064
2.370380125,1.016710394,12.27253238,Sample,49,Optimization Policy,1065
4.330351085,8.192776268,2.428707231,Sample,50,Optimization Policy,1066
3.758317411,4.391096308,16.58051669,Sample,51,Optimization Policy,1067
3.545770222,2.204705423,3.548052386,Sample,52,Optimization Policy,1068
2.460517187,5.953892623,15.75603774,Sample,53,Optimization Policy,1069
1.718025065,4.460181667,16.79486256,Sample,54,Optimization Policy,1070
3.852219167,7.838988981,15.17505157,Sample,55,Optimization Policy,1071
4.314211204,9.311150641,9.494481112,Sample,56,Optimization Policy,1072
3.482362268,3.768841226,9.319394821,Sample,57,Optimization Policy,1073
2.317488208,5.394930021,5.990693305,Sample,58,Optimization Policy,1074
1.731491955,7.134844799,14.25643559,Sample,59,Optimization Policy,1075
2.240740813,6.297851906,14.43541901,Sample,60,Optimization Policy,1076
3.933249893,6.984204365,1.576847656,Sample,61,Optimization Policy,1077
3.81359943,6.602516055,15.46062937,Sample,62,Optimization Policy,1078
3.747040287,5.944256713,9.643956669,Sample,63,Optimization Policy,1079
3.011982343,8.766678753,13.8711912,Sample,64,Optimization Policy,1080
1.868099375,1.231733377,12.90571024,Sample,65,Optimization Policy,1081
2.903540206,4.862535253,0.535983044,Sample,66,Optimization Policy,1082
4.254420423,9.770477089,12.82522438,Sample,67,Optimization Policy,1083
4.223732453,9.445960415,8.181468901,Sample,68,Optimization Policy,1084
1.691027909,8.407921749,8.292574906,Sample,69,Optimization Policy,1085
2.298248229,7.410347455,1.864379886,Sample,70,Optimization Policy,1086
1.774784972,7.678379909,8.460692177,Sample,71,Optimization Policy,1087
2.943019131,3.976020711,10.20995816,Sample,72,Optimization Policy,1088
1.881436477,9.186179718,16.6138073,Sample,73,Optimization Policy,1089
1.711640381,5.902816979,13.85517092,Sample,74,Optimization Policy,1090
3.987692564,1.088566985,16.55707853,Sample,75,Optimization Policy,1091
3.338536552,9.722063882,0.494738671,Sample,76,Optimization Policy,1092
4.419916213,8.091066514,6.898130181,Sample,77,Optimization Policy,1093
1.903502227,2.324985021,12.2607969,Sample,78,Optimization Policy,1094
3.310884301,8.746161793,4.471342197,Sample,79,Optimization Policy,1095
4.299891845,1.053532198,13.20393379,Sample,80,Optimization Policy,1096
2.419426468,9.288272158,14.87995927,Sample,81,Optimization Policy,1097
3.460434013,9.947675921,8.364377915,Sample,82,Optimization Policy,1098
2.292667016,3.232933823,2.561937944,Sample,83,Optimization Policy,1099
2.344662051,5.270357932,10.92953103,Sample,84,Optimization Policy,1100
1.683255405,8.38647037,12.45753536,Sample,85,Optimization Policy,1101
2.489858465,5.479773999,7.749526316,Sample,86,Optimization Policy,1102
2.127604599,4.753169464,5.273579503,Sample,87,Optimization Policy,1103
4.370114175,2.258172049,5.943220399,Sample,88,Optimization Policy,1104
4.455418559,5.32571362,4.362982951,Sample,89,Optimization Policy,1105
3.0754559,9.209450805,2.356904793,Sample,90,Optimization Policy,1106
2.808604833,9.353348016,14.2944392,Sample,91,Optimization Policy,1107
1.831810495,9.58605739,1.525142279,Sample,92,Optimization Policy,1108
2.390666324,5.780161774,8.849307773,Sample,93,Optimization Policy,1109
3.9793356,7.543710314,2.402086567,Sample,94,Optimization Policy,1110
1.977943932,3.012262725,1.489538993,Sample,95,Optimization Policy,1111
4.110740629,3.02422963,14.50529931,Sample,96,Optimization Policy,1112
3.614621446,3.412863513,17.30597617,Sample,97,Optimization Policy,1113
2.939877612,9.131769799,5.315135815,Sample,98,Optimization Policy,1114
2.91659684,5.033664935,16.42953695,Sample,99,Optimization Policy,1115
4.03692441,1.115161152,11.88512186,Sample,100,Optimization Policy,1116
3.019448209,2.22008083,15.26338307,Sample,101,Optimization Policy,1117
2.452455277,8.665951411,6.765122782,Sample,102,Optimization Policy,1118
2.922259708,1.550436384,15.56765743,Sample,103,Optimization Policy,1119
3.767204316,7.74239702,14.77359887,Sample,104,Optimization Policy,1120
1.82900233,5.834098732,9.539769378,Sample,105,Optimization Policy,1121
3.431409283,9.510664559,3.858939507,Sample,106,Optimization Policy,1122
1.702251342,1.297695508,16.84947781,Sample,107,Optimization Policy,1123
2.262793812,7.752204309,10.00981004,Sample,108,Optimization Policy,1124
2.512755418,4.674575993,5.727128166,Sample,109,Optimization Policy,1125
4.024487951,3.813917088,15.93695638,Sample,110,Optimization Policy,1126
2.031217227,6.826771194,17.1909812,Sample,111,Optimization Policy,1127
4.216296799,8.329774555,6.116616766,Sample,112,Optimization Policy,1128
2.570697,5.130168856,2.88504305,Sample,113,Optimization Policy,1129
3.262198582,9.548010206,16.48767758,Sample,114,Optimization Policy,1130
3.945094283,4.36700959,11.23999014,Sample,115,Optimization Policy,1131
3.488303971,2.139667658,2.766222714,Sample,116,Optimization Policy,1132
3.091025918,8.177583812,5.001396271,Sample,117,Optimization Policy,1133
2.273040976,2.864564623,15.63695539,Sample,118,Optimization Policy,1134
3.833410916,3.397189852,6.799243337,Sample,119,Optimization Policy,1135
1.645866555,4.645363338,16.75537232,Sample,120,Optimization Policy,1136
3.476936259,2.755244395,13.58778677,Sample,121,Optimization Policy,1137
2.781806702,1.34607353,14.0600029,Sample,122,Optimization Policy,1138
1.696388054,8.304863071,7.050954593,Sample,123,Optimization Policy,1139
2.328499886,4.059699036,8.723025442,Sample,124,Optimization Policy,1140
1.651401518,1.331353479,11.38521508,Sample,125,Optimization Policy,1141
2.205577219,1.984935144,14.75216946,Sample,126,Optimization Policy,1142
1.638127133,9.80350777,6.167436208,Sample,127,Optimization Policy,1143
4.117017445,2.979039189,17.10870422,Sample,128,Optimization Policy,1144
3.737832514,1.397263781,7.11803684,Sample,129,Optimization Policy,1145
3.304613325,8.161193957,6.360598668,Sample,130,Optimization Policy,1146
2.832260515,1.094344269,4.908213007,Sample,131,Optimization Policy,1147
2.978327548,5.183761816,5.039940105,Sample,132,Optimization Policy,1148
2.040682932,4.66463468,12.12899059,Sample,133,Optimization Policy,1149
2.339647739,4.263884675,8.19366672,Sample,134,Optimization Policy,1150
3.673450653,7.898644765,10.85240686,Sample,135,Optimization Policy,1151
1.816456684,4.909135807,7.435715221,Sample,136,Optimization Policy,1152
4.45168061,4.47834638,2.626696615,Sample,137,Optimization Policy,1153
1.841772837,6.578068062,1.807665901,Sample,138,Optimization Policy,1154
3.793802138,7.325811065,3.775062481,Sample,139,Optimization Policy,1155
3.058851743,5.823830782,2.817804082,Sample,140,Optimization Policy,1156
3.004322259,2.875296934,11.75844264,Sample,141,Optimization Policy,1157
3.923093947,9.258039467,0.883999408,Sample,142,Optimization Policy,1158
1.660218123,7.727553797,1.170001562,Sample,143,Optimization Policy,1159
2.247637777,8.488517761,4.184458512,Sample,144,Optimization Policy,1160
1.607903631,9.08687473,2.491777241,Sample,145,Optimization Policy,1161
1.750402282,7.47957288,1.307762948,Sample,146,Optimization Policy,1162
2.095225895,6.383980066,7.828268014,Sample,147,Optimization Policy,1163
2.136875572,2.56887114,15.5126327,Sample,148,Optimization Policy,1164
1.516432392,7.036634844,9.554473077,Sample,149,Optimization Policy,1165
3.94183257,2.794560624,6.448692842,Sample,150,Optimization Policy,1166
3.780270385,8.678749241,6.677230364,Sample,151,Optimization Policy,1167
3.826374301,6.629085937,10.07884209,Sample,152,Optimization Policy,1168
3.249638801,7.224573418,6.085455648,Sample,153,Optimization Policy,1169
2.764905474,9.488269474,17.01293816,Sample,154,Optimization Policy,1170
4.095062443,1.617269191,3.79963511,Sample,155,Optimization Policy,1171
3.630608258,5.646520187,14.39786391,Sample,156,Optimization Policy,1172
4.490089302,6.290138932,16.91847394,Sample,157,Optimization Policy,1173
4.429770303,4.816375793,3.140105876,Sample,158,Optimization Policy,1174
4.04301928,4.415791521,1.100883261,Sample,159,Optimization Policy,1175
1.745055543,3.614769774,8.338626378,Sample,160,Optimization Policy,1176
4.356078513,3.994655039,13.61942634,Sample,161,Optimization Policy,1177
3.045603509,8.850602513,6.605806371,Sample,162,Optimization Policy,1178
4.074341228,2.390957905,14.73123368,Sample,163,Optimization Policy,1179
1.531674273,9.522799729,13.24251107,Sample,164,Optimization Policy,1180
2.700252513,8.282478461,9.9051449,Sample,165,Optimization Policy,1181
2.681004075,6.5319701,12.32653303,Sample,166,Optimization Policy,1182
4.268861773,3.504124156,4.073248591,Sample,167,Optimization Policy,1183
3.241680963,1.755784986,15.24073093,Sample,168,Optimization Policy,1184
1.791177102,3.567728496,12.48033577,Sample,169,Optimization Policy,1185
4.275425183,9.625242478,1.358547391,Sample,170,Optimization Policy,1186
3.846490914,2.010479121,3.664588357,Sample,171,Optimization Policy,1187
2.274811155,4.140995048,14.32493425,Sample,172,Optimization Policy,1188
2.022904859,5.609208438,12.38825517,Sample,173,Optimization Policy,1189
3.084136217,7.237850145,12.70809299,Sample,174,Optimization Policy,1190
1.617422748,8.55235566,9.867234639,Sample,175,Optimization Policy,1191
1.844703377,6.099578299,7.08032876,Sample,176,Optimization Policy,1192
4.241866015,6.41331693,8.647999732,Sample,177,Optimization Policy,1193
3.755309182,8.040589836,9.166326965,Sample,178,Optimization Policy,1194
3.29739852,6.901724453,15.18480998,Sample,179,Optimization Policy,1195
3.704335229,5.369146688,16.14118332,Sample,180,Optimization Policy,1196
1.986503484,7.448657444,9.685700839,Sample,181,Optimization Policy,1197
2.440916989,3.855168394,12.57250788,Sample,182,Optimization Policy,1198
3.275200065,7.570568587,2.976858125,Sample,183,Optimization Policy,1199
3.643873127,7.650243467,4.8012466,Sample,184,Optimization Policy,1200
4.172973265,9.94547772,4.621227448,Sample,185,Optimization Policy,1201
2.073999983,5.452120226,9.13111572,Sample,186,Optimization Policy,1202
3.661905014,5.076180744,4.648046676,Sample,187,Optimization Policy,1203
2.10409943,7.307849567,11.17305998,Sample,188,Optimization Policy,1204
1.944773326,1.310380416,8.529620962,Sample,189,Optimization Policy,1205
2.290223708,8.362672146,11.84650188,Sample,190,Optimization Policy,1206
3.88138419,5.014501241,12.67480341,Sample,191,Optimization Policy,1207
3.363856353,7.806479306,0.849567502,Sample,192,Optimization Policy,1208
4.345629794,4.305747612,15.87323515,Sample,193,Optimization Policy,1209
4.282134902,8.578087965,16.19359015,Sample,194,Optimization Policy,1210
4.192503144,1.812194207,14.85692363,Sample,195,Optimization Policy,1211
4.07292712,6.032225834,14.19205893,Sample,196,Optimization Policy,1212
2.561984964,2.646600377,13.31667134,Sample,197,Optimization Policy,1213
3.800397488,7.111375532,13.13966446,Sample,198,Optimization Policy,1214
1.859337208,4.103952988,9.415993974,Sample,199,Optimization Policy,1215
1.909578478,9.569063626,4.19681524,Sample,200,Optimization Policy,1216
3.315110464,5.088468374,11.1168625,Sample,201,Optimization Policy,1217
1.544735909,9.654932795,13.78535202,Sample,202,Optimization Policy,1218
2.595611281,6.802927216,10.36747888,Sample,203,Optimization Policy,1219
3.595686246,6.546704739,10.67486435,Sample,204,Optimization Policy,1220
3.742438043,6.243700781,8.813773447,Sample,205,Optimization Policy,1221
4.472513126,5.981522334,3.627411131,Sample,206,Optimization Policy,1222
2.217010714,2.920089214,6.944011435,Sample,207,Optimization Policy,1223
2.116979867,3.959646774,5.76651711,Sample,208,Optimization Policy,1224
4.478958202,4.933674663,8.684617164,Sample,209,Optimization Policy,1225
3.927805171,5.144970291,7.291054704,Sample,210,Optimization Policy,1226
1.613426252,4.848529108,14.66824206,Sample,211,Optimization Policy,1227
3.148352472,7.696258091,15.54992839,Sample,212,Optimization Policy,1228
2.98660583,2.625048787,14.98004959,Sample,213,Optimization Policy,1229
3.582604864,2.114180002,5.786524304,Sample,214,Optimization Policy,1230
2.788653303,6.931106384,6.933627711,Sample,215,Optimization Policy,1231
2.42647085,5.914066486,13.65943398,Sample,216,Optimization Policy,1232
2.143159812,6.697412276,4.417246044,Sample,217,Optimization Policy,1233
4.125993073,9.342888034,11.48520021,Sample,218,Optimization Policy,1234
3.709545098,5.528436655,13.16949039,Sample,219,Optimization Policy,1235
1.994041916,9.669452631,8.294523406,Sample,220,Optimization Policy,1236
2.06516209,7.988987873,13.52396476,Sample,221,Optimization Policy,1237
3.688395563,2.612364892,2.369101101,Sample,222,Optimization Policy,1238
3.964602829,2.774711272,10.88553004,Sample,223,Optimization Policy,1239
2.502927782,4.519424881,3.821177038,Sample,224,Optimization Policy,1240
2.053499806,5.745619876,9.082931617,Sample,225,Optimization Policy,1241
2.598242772,3.732243672,6.98780116,Sample,226,Optimization Policy,1242
2.628571226,4.089596837,7.510657476,Sample,227,Optimization Policy,1243
1.593783439,2.512843789,16.53200322,Sample,228,Optimization Policy,1244
2.736385611,4.603696705,7.181493297,Sample,229,Optimization Policy,1245
3.566390914,6.460584367,8.944249594,Sample,230,Optimization Policy,1246
2.37881986,9.825612849,13.70829318,Sample,231,Optimization Policy,1247
3.789679516,4.960849268,5.222479203,Sample,232,Optimization Policy,1248
3.572706859,6.662079199,9.796985688,Sample,233,Optimization Policy,1249
3.804251399,4.150716046,16.45462255,Sample,234,Optimization Policy,1250
3.44655371,7.050531915,10.46382358,Sample,235,Optimization Policy,1251
4.183705238,7.66994556,1.9915411,Sample,236,Optimization Policy,1252
2.954700417,4.984302009,9.473165291,Sample,237,Optimization Policy,1253
3.419022561,8.613325781,9.985049742,Sample,238,Optimization Policy,1254
2.875376274,1.148759277,3.303714977,Sample,239,Optimization Policy,1255
2.609275164,3.182269584,13.35504063,Sample,240,Optimization Policy,1256
2.012198226,9.916499298,3.180978251,Sample,241,Optimization Policy,1257
3.561612792,2.228484851,11.33178498,Sample,242,Optimization Policy,1258
3.593631269,8.002836992,2.753253816,Sample,243,Optimization Policy,1259
2.683782966,8.698400202,4.430783013,Sample,244,Optimization Policy,1260
3.328368104,5.119276859,5.377722696,Sample,245,Optimization Policy,1261
4.398861464,6.353175697,8.596369356,Sample,246,Optimization Policy,1262
2.314717734,5.700032904,17.00240368,Sample,247,Optimization Policy,1263
3.554579284,2.473101153,15.59913658,Sample,248,Optimization Policy,1264
2.748252123,3.132682819,11.05043863,Sample,249,Optimization Policy,1265
3.896192735,7.086340002,11.36636744,Sample,250,Optimization Policy,1266
2.130773325,1.171330606,0.626723602,Sample,251,Optimization Policy,1267
3.161368426,6.237059547,15.75056328,Sample,252,Optimization Policy,1268
4.016178254,6.876489653,4.869637741,Sample,253,Optimization Policy,1269
2.209132053,4.07132929,1.259103107,Sample,254,Optimization Policy,1270
3.216745558,4.493629265,9.589013629,Sample,255,Optimization Policy,1271
2.402905494,9.05201295,4.038058069,Sample,256,Optimization Policy,1272
3.956311934,1.186474455,0.772327776,Sample,257,Optimization Policy,1273
2.928208603,2.041487376,1.440781011,Sample,258,Optimization Policy,1274
4.362791736,1.676846112,14.67749608,Sample,259,Optimization Policy,1275
2.791401307,2.988151526,1.214100336,Sample,260,Optimization Policy,1276
3.604265999,1.133625391,2.650692271,Sample,261,Optimization Policy,1277
3.648749483,7.873304033,5.493261292,Sample,262,Optimization Policy,1278
4.341402318,3.866744832,3.027635429,Sample,263,Optimization Policy,1279
3.891954694,9.68660109,10.80754799,Sample,264,Optimization Policy,1280
4.46818225,4.881626771,7.214286014,Sample,265,Optimization Policy,1281
2.768973416,2.370776292,14.59612092,Sample,266,Optimization Policy,1282
3.137557917,7.920298589,5.837320309,Sample,267,Optimization Policy,1283
3.013894799,2.740062072,9.020250551,Sample,268,Optimization Policy,1284
2.840294343,9.029357585,3.478160059,Sample,269,Optimization Policy,1285
1.955760532,6.715073168,12.16291478,Sample,270,Optimization Policy,1286
2.062410198,8.022911971,15.05304444,Sample,271,Optimization Policy,1287
2.873825929,8.883387258,4.134240258,Sample,272,Optimization Policy,1288
3.256971912,5.20605567,13.79374985,Sample,273,Optimization Policy,1289
4.226123173,5.726724206,2.134179357,Sample,274,Optimization Policy,1290
2.966119673,1.280942527,11.71920953,Sample,275,Optimization Policy,1291
2.915367904,4.27784701,1.818904637,Sample,276,Optimization Policy,1292
2.823875331,1.892558627,10.54092963,Sample,277,Optimization Policy,1293
3.636709343,6.21826384,12.20325608,Sample,278,Optimization Policy,1294
1.918140714,3.430315341,6.356207097,Sample,279,Optimization Policy,1295
3.269914131,5.375764664,5.628882291,Sample,280,Optimization Policy,1296
2.088333504,9.474537104,15.37282305,Sample,281,Optimization Policy,1297
2.123317435,4.12955956,14.49480196,Sample,282,Optimization Policy,1298
4.205142658,4.335502294,4.275356404,Sample,283,Optimization Policy,1299
3.438561804,2.94188657,12.78816202,Sample,284,Optimization Policy,1300
4.045681883,3.928123289,3.112030535,Sample,285,Optimization Policy,1301
2.80104674,8.257845491,13.72917474,Sample,286,Optimization Policy,1302
2.970624259,2.944805284,6.221969413,Sample,287,Optimization Policy,1303
2.081122301,9.071572755,0.797430615,Sample,288,Optimization Policy,1304
4.291987004,2.478867987,12.97719371,Sample,289,Optimization Policy,1305
2.181880587,8.064031701,10.35736335,Sample,290,Optimization Policy,1306
2.172569279,7.369913883,9.404992208,Sample,291,Optimization Policy,1307
2.199030938,5.635990978,0.632904996,Sample,292,Optimization Policy,1308
2.634979139,8.91975149,15.10886233,Sample,293,Optimization Policy,1309
4.199201831,7.39773195,10.50784023,Sample,294,Optimization Policy,1310
4.007651415,3.780183953,8.081926916,Sample,295,Optimization Policy,1311
2.96119593,3.609925411,13.90774144,Sample,296,Optimization Policy,1312
3.547475379,3.300426878,11.20236592,Sample,297,Optimization Policy,1313
3.976146431,3.352974569,1.71773897,Sample,298,Optimization Policy,1314
1.566578601,4.793218941,10.72176073,Sample,299,Optimization Policy,1315
3.994872809,2.810902451,8.010553299,Sample,300,Optimization Policy,1316
1.575353856,9.788788858,16.68376942,Sample,301,Optimization Policy,1317
2.583334499,9.207423333,10.74845743,Sample,302,Optimization Policy,1318
2.528715622,7.632852203,1.190652329,Sample,303,Optimization Policy,1319
1.80866996,3.548348966,6.594529069,Sample,304,Optimization Policy,1320
2.188971492,6.325005997,15.96973698,Sample,305,Optimization Policy,1321
3.682727572,1.641567719,10.78140992,Sample,306,Optimization Policy,1322
4.157594969,7.173016745,12.02130702,Sample,307,Optimization Policy,1323
4.354758238,9.017790058,1.638331908,Sample,308,Optimization Policy,1324
3.166191506,5.57141572,4.231510216,Sample,309,Optimization Policy,1325
2.864354246,5.2564293,14.55131053,Sample,310,Optimization Policy,1326
1.779308888,3.269342677,10.14566358,Sample,311,Optimization Policy,1327
4.458140456,1.479221145,13.95909809,Sample,312,Optimization Policy,1328
1.672437705,4.699421101,15.6574359,Sample,313,Optimization Policy,1329
4.442168219,4.535103824,9.237975072,Sample,314,Optimization Policy,1330
3.069288404,1.253885908,0.985223618,Sample,315,Optimization Policy,1331
2.466346252,1.841588044,5.133386293,Sample,316,Optimization Policy,1332
1.636686884,7.802781101,2.098542645,Sample,317,Optimization Policy,1333
3.866877743,1.456972193,4.525486832,Sample,318,Optimization Policy,1334
2.003986134,6.912089709,11.80100904,Sample,319,Optimization Policy,1335
3.884426698,2.530783724,15.9046246,Sample,320,Optimization Policy,1336
2.444515562,8.966782171,16.73864552,Sample,321,Optimization Policy,1337
4.080628492,3.675124918,5.661474762,Sample,322,Optimization Policy,1338
3.656445845,1.577736859,7.816264775,Sample,323,Optimization Policy,1339
2.826016841,7.272968906,13.28251425,Sample,324,Optimization Policy,1340
2.563605533,5.351072744,8.883313098,Sample,325,Optimization Policy,1341
1.555304284,9.74942559,3.587368755,Sample,326,Optimization Policy,1342
3.11347565,3.326190995,2.028915921,Sample,327,Optimization Policy,1343
4.393624456,1.500150076,5.075499185,Sample,328,Optimization Policy,1344
2.756979875,6.96613424,11.02462204,Sample,329,Optimization Policy,1345
4.028362016,1.90088558,11.96569081,Sample,330,Optimization Policy,1346
3.320490372,3.880077258,3.687761031,Sample,331,Optimization Policy,1347
2.082172503,8.252399285,16.64343975,Sample,332,Optimization Policy,1348
2.192499643,8.51112324,5.008907718,Sample,333,Optimization Policy,1349
1.510297123,7.623830086,13.57380616,Sample,334,Optimization Policy,1350
2.231084814,3.05325365,9.063561324,Sample,335,Optimization Policy,1351
3.61107198,2.175034477,5.168428977,Sample,336,Optimization Policy,1352
4.233679137,5.064911699,10.25371636,Sample,337,Optimization Policy,1353
4.382053734,2.41773325,16.33088295,Sample,338,Optimization Policy,1354
2.709192579,1.938287931,3.223980592,Sample,339,Optimization Policy,1355
3.505593334,6.180527483,3.262494902,Sample,340,Optimization Policy,1356
1.769157473,9.265780785,0.925032753,Sample,341,Optimization Policy,1357
4.058796975,8.352048769,10.96649229,Sample,342,Optimization Policy,1358
1.754027865,3.469925969,4.764036678,Sample,343,Optimization Policy,1359
4.128986714,3.036753373,13.26254405,Sample,344,Optimization Policy,1360
2.644664621,7.604667953,11.5949205,Sample,345,Optimization Policy,1361
2.662782867,7.28589868,5.29843703,Sample,346,Optimization Policy,1362
4.086645175,8.61804506,7.262948055,Sample,347,Optimization Policy,1363
2.160835886,4.955151201,1.901606794,Sample,348,Optimization Policy,1364
4.100475453,3.908258116,3.358315611,Sample,349,Optimization Policy,1365
2.719985359,1.771673218,8.492774669,Sample,350,Optimization Policy,1366
2.153153102,2.843814106,15.81464791,Sample,351,Optimization Policy,1367
1.75834326,7.528925384,17.34954538,Sample,352,Optimization Policy,1368
2.260926645,3.652785177,17.27856999,Sample,353,Optimization Policy,1369
3.998924547,9.380863933,7.334057,Sample,354,Optimization Policy,1370
3.345516053,1.607762554,11.29552132,Sample,355,Optimization Policy,1371
4.390786839,1.789174876,7.78406043,Sample,356,Optimization Policy,1372
3.625993694,6.161272469,9.651171143,Sample,357,Optimization Policy,1373
3.357341438,1.803979898,14.93930833,Sample,358,Optimization Policy,1374
3.174934998,8.215420343,13.02235103,Sample,359,Optimization Policy,1375
3.060623682,8.437218828,5.361884777,Sample,360,Optimization Policy,1376
4.423139454,4.257925208,4.76851656,Sample,361,Optimization Policy,1377
1.896243097,3.739848666,3.744505007,Sample,362,Optimization Policy,1378
2.304713104,8.641551755,11.08805211,Sample,363,Optimization Policy,1379
3.025023239,8.836865826,13.40284631,Sample,364,Optimization Policy,1380
3.10724163,1.378572187,7.032769624,Sample,365,Optimization Policy,1381
4.248514968,6.649421697,6.2261921,Sample,366,Optimization Policy,1382
2.653628372,8.788769408,8.538915836,Sample,367,Optimization Policy,1383
2.734052539,2.047513993,10.46467035,Sample,368,Optimization Policy,1384
1.734298481,8.893825641,3.887901962,Sample,369,Optimization Policy,1385
2.170783394,7.021335301,4.731221825,Sample,370,Optimization Policy,1386
4.067364174,4.448775491,4.942347925,Sample,371,Optimization Policy,1387
2.368684586,3.101374644,12.84083759,Sample,372,Optimization Policy,1388
3.908663832,6.755176611,14.1177412,Sample,373,Optimization Policy,1389
1.968215172,6.952480268,15.82804877,Sample,374,Optimization Policy,1390
3.904556947,7.503395044,9.308992882,Sample,375,Optimization Policy,1391
3.049470762,9.168089138,7.672875602,Sample,376,Optimization Policy,1392
1.563143204,5.228082929,16.88020001,Sample,377,Optimization Policy,1393
2.037304484,3.800619034,12.03236114,Sample,378,Optimization Policy,1394
3.536270873,2.126612873,15.11344898,Sample,379,Optimization Policy,1395
4.412175737,5.547294994,16.12194046,Sample,380,Optimization Policy,1396
2.575733404,3.316818463,3.407124899,Sample,381,Optimization Policy,1397
3.371758209,8.714450352,9.177516139,Sample,382,Optimization Policy,1398
3.195159951,4.199199061,9.765174229,Sample,383,Optimization Policy,1399
3.224135786,4.807799481,6.149956971,Sample,384,Optimization Policy,1400
3.353360475,8.986140842,7.711919844,Sample,385,Optimization Policy,1401
2.8515794,9.98482091,7.385268323,Sample,386,Optimization Policy,1402
2.611234632,1.426578435,3.5287188,Sample,387,Optimization Policy,1403
1.895229732,7.490468253,12.60784323,Sample,388,Optimization Policy,1404
3.69998379,9.74635328,0.708195365,Sample,389,Optimization Policy,1405
2.696810156,6.020016045,7.935440167,Sample,390,Optimization Policy,1406
3.52784319,4.029951905,2.855474238,Sample,391,Optimization Policy,1407
1.797424226,2.297521454,0.430494282,Sample,392,Optimization Policy,1408
2.050337627,9.843228814,11.73521972,Sample,393,Optimization Policy,1409
2.849900079,5.516104722,10.65471389,Sample,394,Optimization Policy,1410
3.520525281,1.996239874,5.204049949,Sample,395,Optimization Policy,1411
2.671675758,7.854878716,3.433060346,Sample,396,Optimization Policy,1412
3.768829711,5.430679115,16.23781754,Sample,397,Optimization Policy,1413
3.467468561,3.252455428,3.056921682,Sample,398,Optimization Policy,1414
1.597539685,9.862147354,7.986602979,Sample,399,Optimization Policy,1415
2.622602962,7.564431525,0.761930251,Sample,400,Optimization Policy,1416
3.236286029,5.605119142,1.402268977,Sample,401,Optimization Policy,1417
3.473803902,2.554587448,16.09150894,Sample,402,Optimization Policy,1418
3.139535638,9.236965149,12.64599625,Sample,403,Optimization Policy,1419
2.516147625,5.172104495,16.05025161,Sample,404,Optimization Policy,1420
3.724386065,6.760283637,5.461731931,Sample,405,Optimization Policy,1421
3.862765533,8.828863237,10.28841146,Sample,406,Optimization Policy,1422
3.731316746,4.767005928,12.95244395,Sample,407,Optimization Policy,1423
3.330254692,2.426920283,5.601131084,Sample,408,Optimization Policy,1424
2.587884544,8.141338422,8.617884646,Sample,409,Optimization Policy,1425
1.708824567,5.851392238,0.57438029,Sample,410,Optimization Policy,1426
1.802308349,5.875661146,2.688269411,Sample,411,Optimization Policy,1427
1.9648773,1.956496423,3.459184057,Sample,412,Optimization Policy,1428
2.347282435,9.3327036,0.668181673,Sample,413,Optimization Policy,1429
3.95068856,7.97385052,11.4350605,Sample,414,Optimization Policy,1430
4.169269558,6.447282068,11.55845563,Sample,415,Optimization Policy,1431
2.224175902,5.894911175,4.296809775,Sample,416,Optimization Policy,1432
2.860348204,7.174233381,14.61353386,Sample,417,Optimization Policy,1433
3.129749909,2.584827668,2.064196118,Sample,418,Optimization Policy,1434
2.651463974,3.709188517,1.656070726,Sample,419,Optimization Policy,1435
2.325258469,6.862371338,6.70623762,Sample,420,Optimization Policy,1436
4.484940713,1.86005849,0.933891487,Sample,421,Optimization Policy,1437
2.358618379,3.08399068,5.869624334,Sample,422,Optimization Policy,1438
3.834277081,7.932687545,12.08826397,Sample,423,Optimization Policy,1439
1.820745276,1.369245062,14.97266804,Sample,424,Optimization Policy,1440
1.863007063,3.576253726,12.92399579,Sample,425,Optimization Policy,1441
1.938895375,3.83142394,1.104187195,Sample,426,Optimization Policy,1442
3.69559571,5.002742644,12.52451277,Sample,427,Optimization Policy,1443
2.745137357,8.420668159,4.863331881,Sample,428,Optimization Policy,1444
2.550771184,7.886280519,7.450564716,Sample,429,Optimization Policy,1445
4.181815859,1.445137778,2.532836443,Sample,430,Optimization Policy,1446
2.492872962,1.56780043,7.622550388,Sample,431,Optimization Policy,1447
1.885491635,4.208163596,8.934858414,Sample,432,Optimization Policy,1448
1.628431628,4.019041019,15.2862594,Sample,433,Optimization Policy,1449
3.287605434,6.474999698,16.20555966,Sample,434,Optimization Policy,1450
3.619778014,2.497599314,1.958218781,Sample,435,Optimization Policy,1451
4.305369787,8.801071238,1.946284233,Sample,436,Optimization Policy,1452
4.054548919,2.163324646,13.06453634,Sample,437,Optimization Policy,1453
3.493766592,3.951329704,10.42504626,Sample,438,Optimization Policy,1454
1.787156011,9.906298342,1.028392318,Sample,439,Optimization Policy,1455
3.389122539,2.340553602,6.042439465,Sample,440,Optimization Policy,1456
4.246260199,6.725766485,17.22642078,Sample,441,Optimization Policy,1457
2.019813107,7.140161976,6.863683635,Sample,442,Optimization Policy,1458
2.541625228,4.420499161,15.02389946,Sample,443,Optimization Policy,1459
2.233665134,5.303404817,9.720044458,Sample,444,Optimization Policy,1460
3.078136104,4.581929214,8.427311112,Sample,445,Optimization Policy,1461
4.012103006,6.05672086,12.54965405,Sample,446,Optimization Policy,1462
1.580413739,9.891898555,11.64837455,Sample,447,Optimization Policy,1463
3.18935645,5.691125453,14.42068556,Sample,448,Optimization Policy,1464
3.230791699,4.354979947,7.905303656,Sample,449,Optimization Policy,1465
4.142476418,6.198807715,4.332011708,Sample,450,Optimization Policy,1466
3.121360724,6.998676717,16.3863601,Sample,451,Optimization Policy,1467
1.585013381,5.295311008,4.574447097,Sample,452,Optimization Policy,1468
2.408754853,4.627919366,2.523560383,Sample,453,Optimization Policy,1469
2.807708851,6.112401299,3.080430785,Sample,454,Optimization Policy,1470
2.948393408,4.897262166,4.094860029,Sample,455,Optimization Policy,1471
3.913860856,3.362257094,8.099419415,Sample,456,Optimization Policy,1472
2.71374341,8.540917652,5.42960732,Sample,457,Optimization Policy,1473
2.532783653,1.86719322,15.41685157,Sample,458,Optimization Policy,1474
4.378482841,3.53790185,7.547450981,Sample,459,Optimization Policy,1475
1.873401584,8.453868287,7.374279417,Sample,460,Optimization Policy,1476
4.333865075,6.511447455,7.602498345,Sample,461,Optimization Policy,1477
3.424984382,2.267939318,17.04596179,Sample,462,Optimization Policy,1478
2.387838581,6.06405317,17.15039223,Sample,463,Optimization Policy,1479
3.717135341,3.161503222,8.040196041,Sample,464,Optimization Policy,1480
3.036724293,1.700964289,10.57314567,Sample,465,Optimization Policy,1481
3.776994386,1.654952844,16.28551398,Sample,466,Optimization Policy,1482
2.995965228,7.208982869,1.280840222,Sample,467,Optimization Policy,1483
3.380214368,8.234188453,3.952649951,Sample,468,Optimization Policy,1484
2.397689287,5.677490304,6.516896594,Sample,469,Optimization Policy,1485
3.211918373,4.718422834,2.716527982,Sample,470,Optimization Policy,1486
3.150738871,2.668861106,16.83887377,Sample,471,Optimization Policy,1487
1.722453716,2.686263354,13.44314506,Sample,472,Optimization Policy,1488
2.477031227,7.376492114,10.10275517,Sample,473,Optimization Policy,1489
4.149850889,3.643109846,2.162671278,Sample,474,Optimization Policy,1490
3.498589247,9.710706123,10.16350971,Sample,475,Optimization Policy,1491
1.519744623,9.004421704,11.67138292,Sample,476,Optimization Policy,1492
1.980516768,2.357829234,13.47560167,Sample,477,Optimization Policy,1493
2.890758412,2.285953709,5.567548279,Sample,478,Optimization Policy,1494
1.933030121,6.37235441,6.535834023,Sample,479,Optimization Policy,1495
3.870160925,8.922337369,7.153152794,Sample,480,Optimization Policy,1496
2.280810744,3.121878554,9.925444534,Sample,481,Optimization Policy,1497
1.500936294,7.07944162,5.954350292,Sample,482,Optimization Policy,1498
3.511105384,7.781068848,14.22810108,Sample,483,Optimization Policy,1499
1.924935178,2.708969192,2.91478649,Sample,484,Optimization Policy,1500
2.777420827,3.463026356,17.11673389,Sample,485,Optimization Policy,1501
3.66645444,3.223336462,8.247742508,Sample,486,Optimization Policy,1502
2.689510155,8.472030305,11.25818393,Sample,487,Optimization Policy,1503
4.494330333,4.733269541,6.638118405,Sample,488,Optimization Policy,1504
3.37765305,6.778087967,8.798917926,Sample,489,Optimization Policy,1505
3.207901281,3.153168501,9.370107595,Sample,490,Optimization Policy,1506
3.43662253,8.560700324,14.83509341,Sample,491,Optimization Policy,1507
4.163317837,9.402662451,11.91657126,Sample,492,Optimization Policy,1508
2.357023659,4.593841632,16.3612907,Sample,493,Optimization Policy,1509
1.848373517,5.49890521,8.149542193,Sample,494,Optimization Policy,1510
3.96916674,4.225409747,13.08234509,Sample,495,Optimization Policy,1511
4.436552038,7.43626492,15.3463434,Sample,496,Optimization Policy,1512
3.405304029,1.709977197,5.907292589,Sample,497,Optimization Policy,1513
2.434913106,1.204800811,1.448174622,Sample,498,Optimization Policy,1514
4.313464785,5.991045416,12.35073734,Sample,499,Optimization Policy,1515
1.929420203,6.494329825,8.739159187,Sample,500,Optimization Policy,1516
1.5,1,0.39,Extremes,501,Optimization Policy,1517
4.5,1,0.39,Extremes,502,Optimization Policy,1518
1.5,10,0.39,Extremes,503,Optimization Policy,1519
4.5,10,0.39,Extremes,504,Optimization Policy,1520
1.5,1,17.35,Extremes,505,Optimization Policy,1521
4.5,1,17.35,Extremes,506,Optimization Policy,1522
1.5,10,17.35,Extremes,507,Optimization Policy,1523
4.5,10,17.35,Extremes,508,Optimization Policy,1524
